<?xml version="1.0" encoding="ASCII"?>
<EM:ExpertModule xmi:version="2.0" xmlns:xmi="http://www.omg.org/XMI" xmlns:xsi="http://www.w3.org/2001/XMLSchema-instance" xmlns:EM="http:///com.cerner.expert/expertmodule/1.0.0" moduleName="WH_CE_INVALID_DYN_GROUP">
  <information>
    <runtimeInformation versionString="001.014" externalFileName="WH_CE_INVALID_DYN_GROUP" lastUpdated="2022-04-20T13:52:02.000-0500" validtionType="PRODUCTION" title="WH_CE_INVALID_DYN_GROUP" reconcileFlag="1" reconcileDate="2022-04-20T13:52:02.000-0500">
      <duration start="2022-03-16T00:00:00.000-0500" end="2100-12-31T23:59:59.000-0600"/>
      <updateUser userName="CUMMINGS, CHAD"/>
    </runtimeInformation>
    <documentation author="ccummin4" institution="" specialist=""/>
  </information>
  <expertTemplates>
    <events>
      <event name=""/>
      <event name="ADDPROBLEM"/>
      <event name="ADDTOSCRATCHPAD"/>
      <event name="ALLERGY_EVENT"/>
      <event name="AP_ORDER_EVENT"/>
      <event name="BB_RESULT_EVENT"/>
      <event name="CBTFLEXORDERS"/>
      <event name="CHART_SERVER_EVENT"/>
      <event name="CLINICALTRIALSCREEN"/>
      <event name="CLINICAL_EVENT"/>
      <event name="CLOSECHART"/>
      <event name="COLLECTION_EVENT"/>
      <event name="DCP_CN_TASK_UPD"/>
      <event name="DCP_MODTASK_EVENT"/>
      <event name="DCP_PW_COND"/>
      <event name="DCP_PW_OUTCOME_EVENT"/>
      <event name="DIAGNOSIS_EVENT"/>
      <event name="EKS_FORMAT"/>
      <event name="EKS_SYNC_TEST01"/>
      <event name="EKS_TEST_02"/>
      <event name="EKS_TEST_EVENT"/>
      <event name="EKS_TEST_EVENT01"/>
      <event name="ENSURE_EVENT"/>
      <event name="EXPERT_EVENT"/>
      <event name="HEALTHE_EVENT"/>
      <event name="HEALTH_MAINT_QUAL_EVENT"/>
      <event name="HIM_ADD_REQUEST"/>
      <event name="HIM_ADMIT_EVENT"/>
      <event name="HIM_PATIENT_INFO_REQUEST"/>
      <event name="HIM_TEST_EVENT"/>
      <event name="HL7_EVENT"/>
      <event name="MB_EXPEDITE"/>
      <event name="MB_RESULT_EVENT"/>
      <event name="MB_SCRIPTED_WORKUPS"/>
      <event name="MB_SUSCEPTIBILITY"/>
      <event name="MDI_RESULT_EVENT"/>
      <event name="MEDCHARTACTIVATE"/>
      <event name="MPI_ADT"/>
      <event name="OPENCHART"/>
      <event name="OPEN_CHART_ASYNC"/>
      <event name="ORDERDETAILSET"/>
      <event name="ORDER_EVENT"/>
      <event name="ORDER_PRO_TEST1"/>
      <event name="PATIENT_EVENT"/>
      <event name="PCA_EXPERT_EVENT"/>
      <event name="Person_Transaction"/>
      <event name="PFT_Add_Account"/>
      <event name="PFT_ADJ_WO"/>
      <event name="PFT_CHARGE_EVENT"/>
      <event name="pft_check_amount"/>
      <event name="PFT_VEHICLE"/>
      <event name="PNTFLEXREFRANGE"/>
      <event name="POWERPLANFLEX"/>
      <event name="PROBLEM_EVENT"/>
      <event name="PROFIT_1450_CLAIM_EVENT"/>
      <event name="PROFIT_1500_CLAIM_EVENT"/>
      <event name="PROVIDER_CHG_EVENT"/>
      <event name="PROVIDE_EVENT"/>
      <event name="PWRCHRT_ADD_ORDER"/>
      <event name="RESULT_EVENT"/>
      <event name="RESULT_EVENT_CSM"/>
      <event name="RESULT_EVENT_TEST"/>
      <event name="RXACLAIMSTATUS"/>
      <event name="RXADISPENSESTATUS"/>
      <event name="RXAPRODUCTSELECT"/>
      <event name="RXAWORKQUESTATUS"/>
      <event name="SAASADDTOSCRATCHPAD"/>
      <event name="SAASORDERDETAILSET"/>
      <event name="SAASSIGNORDER"/>
      <event name="SCH_ACTION_EVENT"/>
      <event name="SIGNORDER"/>
      <event name="SN New Pref Card Created"/>
      <event name="SN_CASE_CHECK_IN_EVENT"/>
      <event name="SN_CASE_EVENT"/>
      <event name="SN_CASE_SCHEDULE_EVENT"/>
      <event name="SN_DOCUMENT_OPEN"/>
      <event name="SN_DOCUMENT_STATE"/>
      <event name="SN_FINALIZE_DOC_EVENT"/>
      <event name="SN_PROCEDURE_SCHEDULE"/>
      <event name="SN_SAVE_PROCEDURE"/>
      <event name="SN_TEST_EVENT"/>
      <event name="SOCIAL_HISTORY_ADD"/>
      <event name="SYNCHEVENT"/>
      <event name="TOCFLEX"/>
      <event name="TOUCHOPENCHART"/>
    </events>
    <evokeTemplates>
      <templateDefinitions xsi:type="EM:ExpertTemplate" name="EKS_DEBUGEKM_E" definition="Turn debug messaging DEBUG_STATUS" description="Turn debug messaging on or off" eventDependency="//@expertTemplates/@events/@event.1 //@expertTemplates/@events/@event.2 //@expertTemplates/@events/@event.3 //@expertTemplates/@events/@event.4 //@expertTemplates/@events/@event.5 //@expertTemplates/@events/@event.8 //@expertTemplates/@events/@event.9 //@expertTemplates/@events/@event.10 //@expertTemplates/@events/@event.11 //@expertTemplates/@events/@event.13 //@expertTemplates/@events/@event.16 //@expertTemplates/@events/@event.23 //@expertTemplates/@events/@event.26 //@expertTemplates/@events/@event.27 //@expertTemplates/@events/@event.28 //@expertTemplates/@events/@event.31 //@expertTemplates/@events/@event.32 //@expertTemplates/@events/@event.33 //@expertTemplates/@events/@event.34 //@expertTemplates/@events/@event.36 //@expertTemplates/@events/@event.38 //@expertTemplates/@events/@event.39 //@expertTemplates/@events/@event.40 //@expertTemplates/@events/@event.41 //@expertTemplates/@events/@event.43 //@expertTemplates/@events/@event.44 //@expertTemplates/@events/@event.47 //@expertTemplates/@events/@event.46 //@expertTemplates/@events/@event.50 //@expertTemplates/@events/@event.51 //@expertTemplates/@events/@event.52 //@expertTemplates/@events/@event.53 //@expertTemplates/@events/@event.57 //@expertTemplates/@events/@event.59 //@expertTemplates/@events/@event.60 //@expertTemplates/@events/@event.62 //@expertTemplates/@events/@event.63 //@expertTemplates/@events/@event.64 //@expertTemplates/@events/@event.65 //@expertTemplates/@events/@event.66 //@expertTemplates/@events/@event.67 //@expertTemplates/@events/@event.68 //@expertTemplates/@events/@event.70 //@expertTemplates/@events/@event.71 //@expertTemplates/@events/@event.72 //@expertTemplates/@events/@event.73 //@expertTemplates/@events/@event.74 //@expertTemplates/@events/@event.75 //@expertTemplates/@events/@event.76 //@expertTemplates/@events/@event.77 //@expertTemplates/@events/@event.78 //@expertTemplates/@events/@event.79 //@expertTemplates/@events/@event.81 //@expertTemplates/@events/@event.82 //@expertTemplates/@events/@event.83 //@expertTemplates/@events/@event.84 //@expertTemplates/@events/@event.49" reconcilable="true" alwaysTrue="true">
        <keywords>UTILITY</keywords>
        <arguments xsi:type="EM:ReferentialArgument" name="DEBUG_STATUS" dataType="CHARACTER" controlType="REFERENTIAL" validationType="READ_ONLY" required="true" reconcileScript="N/A" keyFieldIndex="2">
          <statements dependency="DEBUG_STATUS" statement="select debug_status = if (d.seq =  1) &quot;On for subsequent Evoke Templates&quot;&#xD;&#xA; elseif (d.seq = 2) &quot;Off for subsequent Evoke Templates&quot;&#xD;&#xA; elseif (d.seq = 3) &quot;On for all Logic Templates&quot;&#xD;&#xA; elseif (d.seq = 4) &quot;On for all Action Templates&quot;&#xD;&#xA; elseif (d.seq = 5) &quot;On for all Logic and Action Templates&quot;&#xD;&#xA; elseif (d.seq = 6) &quot;To FullAudit for this module only&quot;&#xD;&#xA; elseif (d.seq = 7) &quot;Additional EKSDATA logging&quot;&#xD;&#xA;ENDIF,&#xD;&#xA;_hidden = if (d.seq = 1) 1&#xD;&#xA; elseif (d.seq=2) 0&#xD;&#xA; elseif (d.seq=3) 2&#xD;&#xA; elseif (d.seq=4) 3&#xD;&#xA; elseif (d.seq=5) 4&#xD;&#xA; elseif (d.seq=6) 5&#xD;&#xA; elseif (d.seq=7) 6&#xD;&#xA;endif&#xD;&#xA;&#xD;&#xA;FROM (DUMMYT D WITH SEQ = VALUE(7))"/>
        </arguments>
      </templateDefinitions>
      <templateDefinitions xsi:type="EM:ExpertTemplate" name="EKS_CE_RESULT_STATUS_E" definition="EVENT_SET_NAME is  in any of the statuses listed: STATUS" description="Result status" eventDependency="//@expertTemplates/@events/@event.9" optimizable="true" reconcilable="true">
        <keywords>CLINICALEVENT</keywords>
        <arguments xsi:type="EM:ReferentialArgument" name="EVENT_SET_NAME" dataType="CHARACTER" controlType="LISTBOX" validationType="READ_ONLY" required="true" optimizable="true" reconcileScript="eks_p_event_set_name" keyFieldIndex="2">
          <statements dependency="EVENT_SET_NAME" statement="EKS_ABC_REFHELP &quot;ANY&quot; GO"/>
          <statements dependency="EVENT_SET_NAME" statement="eks_event_set_name_refhelp PAR1, &quot;EVENT_SET&quot; go&#xD;&#xA;&#xD;&#xA;/* SELECT&#xD;&#xA;IF (PAR1=&quot;*ANY&quot;)&#xD;&#xA;   EVENT_SET_NAME=&quot;*ANY_EVENT_SET_NAME&quot;&#xD;&#xA; ELSEIF (PAR1=&quot;ALL&quot;)&#xD;&#xA;    EVENT_SET_NAME = V.EVENT_SET_NAME&#xD;&#xA;  FROM V500_EVENT_SET_CODE V&#xD;&#xA;  ORDER cnvtupper(V.EVENT_SET_NAME)&#xD;&#xA; ELSEIF (PAR1 != &quot;OTHER&quot;) &#xD;&#xA;    EVENT_SET_NAME = V.EVENT_SET_NAME&#xD;&#xA;  FROM V500_EVENT_SET_CODE V&#xD;&#xA;  WHERE CNVTUPPER(V.EVENT_SET_NAME) =PATSTRING(CONCAT(cnvtupper(PAR1),&quot;*&quot;))    &#xD;&#xA;  ORDER cnvtupper(V.EVENT_SET_NAME)&#xD;&#xA; ELSE&#xD;&#xA;  EVENT_SET_NAME= V.EVENT_SET_NAME&#xD;&#xA;  FROM V500_EVENT_SET_CODE V&#xD;&#xA;  WHERE CNVTUPPER(substring(1,1,V.EVENT_SET_NAME)) NOT BETWEEN &quot;0&quot; AND &quot;Z&quot;&#xD;&#xA;  ORDER cnvtupper(V.EVENT_SET_NAME)    &#xD;&#xA; ENDIF */"/>
        </arguments>
        <arguments xsi:type="EM:ReferentialArgument" name="STATUS" dataType="CHARACTER" controlType="LISTBOX" validationType="READ_ONLY" required="true" optimizable="true" reconcileScript="eks_p_codeset_cki_refhelp &quot;8&quot;,&quot;CKI&quot;,&quot;*ANY_STATUS&quot;" keyFieldIndex="2">
          <statements dependency="STATUS" statement="eks_codeset_cki_refhelp &quot;8&quot;,&quot;CKI&quot;,&quot;*ANY_STATUS&quot; go&#xD;&#xA;/*&#xD;&#xA;select distinct&#xD;&#xA;    Result_Status = if (t.seq = 1) &#xD;&#xA;              cv.description &#xD;&#xA;           else &#xD;&#xA;              &quot;*ANY_STATUS&quot;&#xD;&#xA;           endif,&#xD;&#xA; _hidden = if (t.seq = 1) &#xD;&#xA;              cv.code_value &#xD;&#xA;           else&#xD;&#xA;              0.0&#xD;&#xA;           endif&#xD;&#xA;from code_value cv, (dummyt t with seq=2)&#xD;&#xA;plan cv where cv.code_set = 8 and cv.active_ind = 1 and cv.cdf_meaning > &quot; &quot;&#xD;&#xA;join t&#xD;&#xA;order Result_Status */&#xD;&#xA;"/>
        </arguments>
      </templateDefinitions>
    </evokeTemplates>
    <logicTemplates>
      <templateDefinitions xsi:type="EM:ExpertTemplate" name="EKS_LOGIC_TRUE" definition="LOGIC is true" description="Always true" eventDependency="//@expertTemplates/@events/@event.1 //@expertTemplates/@events/@event.2 //@expertTemplates/@events/@event.3 //@expertTemplates/@events/@event.8 //@expertTemplates/@events/@event.9 //@expertTemplates/@events/@event.10 //@expertTemplates/@events/@event.11 //@expertTemplates/@events/@event.13 //@expertTemplates/@events/@event.16 //@expertTemplates/@events/@event.23 //@expertTemplates/@events/@event.24 //@expertTemplates/@events/@event.36 //@expertTemplates/@events/@event.38 //@expertTemplates/@events/@event.40 //@expertTemplates/@events/@event.41 //@expertTemplates/@events/@event.43 //@expertTemplates/@events/@event.44 //@expertTemplates/@events/@event.51 //@expertTemplates/@events/@event.52 //@expertTemplates/@events/@event.53 //@expertTemplates/@events/@event.57 //@expertTemplates/@events/@event.59 //@expertTemplates/@events/@event.60 //@expertTemplates/@events/@event.62 //@expertTemplates/@events/@event.63 //@expertTemplates/@events/@event.64 //@expertTemplates/@events/@event.65 //@expertTemplates/@events/@event.66 //@expertTemplates/@events/@event.67 //@expertTemplates/@events/@event.68 //@expertTemplates/@events/@event.69 //@expertTemplates/@events/@event.70 //@expertTemplates/@events/@event.81 //@expertTemplates/@events/@event.82 //@expertTemplates/@events/@event.83 //@expertTemplates/@events/@event.84" reconcilable="true" alwaysTrue="true">
        <keywords>UTILITY</keywords>
        <arguments name="LOGIC" dataType="CHARACTER" reconcileScript="N/A">
          <defaultValue xsi:type="EM:StringValue" value="@quot;LOGIC@quot;"/>
        </arguments>
      </templateDefinitions>
      <templateDefinitions xsi:type="EM:ExpertTemplate" name="EKS_PT_DEMOGRAPHIC_L" definition="patient's DEMOGRAPHIC is in OPT_CODED_VALUES or city/zip code is OPT_TEXT_VALUE" description="Demographics" eventDependency="//@expertTemplates/@events/@event.1 //@expertTemplates/@events/@event.2 //@expertTemplates/@events/@event.3 //@expertTemplates/@events/@event.8 //@expertTemplates/@events/@event.9 //@expertTemplates/@events/@event.10 //@expertTemplates/@events/@event.11 //@expertTemplates/@events/@event.13 //@expertTemplates/@events/@event.16 //@expertTemplates/@events/@event.23 //@expertTemplates/@events/@event.25 //@expertTemplates/@events/@event.34 //@expertTemplates/@events/@event.36 //@expertTemplates/@events/@event.38 //@expertTemplates/@events/@event.40 //@expertTemplates/@events/@event.41 //@expertTemplates/@events/@event.43 //@expertTemplates/@events/@event.44 //@expertTemplates/@events/@event.51 //@expertTemplates/@events/@event.52 //@expertTemplates/@events/@event.53 //@expertTemplates/@events/@event.57 //@expertTemplates/@events/@event.59 //@expertTemplates/@events/@event.62 //@expertTemplates/@events/@event.63 //@expertTemplates/@events/@event.64 //@expertTemplates/@events/@event.65 //@expertTemplates/@events/@event.66 //@expertTemplates/@events/@event.67 //@expertTemplates/@events/@event.68 //@expertTemplates/@events/@event.70 //@expertTemplates/@events/@event.81 //@expertTemplates/@events/@event.82 //@expertTemplates/@events/@event.83 //@expertTemplates/@events/@event.84" reconcilable="true">
        <keywords>PERSON</keywords>
        <arguments xsi:type="EM:FixedListArgument" name="DEMOGRAPHIC" dataType="CHARACTER" validationType="READ_ONLY" required="true" reconcileScript="N/A">
          <stringTable>
            <column value="BIRTH SEX"/>
            <column value="Birth sex code (Code set 56)"/>
          </stringTable>
          <stringTable>
            <column value="BUSINESS CITY"/>
            <column value="City business mailing address (Free Text)"/>
          </stringTable>
          <stringTable>
            <column value="BUSINESS COUNTRY"/>
            <column value="Country business mailing address (Code set 15)"/>
          </stringTable>
          <stringTable>
            <column value="BUSINESS COUNTY"/>
            <column value="County of business mailing address (Code set 74)"/>
          </stringTable>
          <stringTable>
            <column value="BUSINESS STATE"/>
            <column value="State business mailing address (code set 62)"/>
          </stringTable>
          <stringTable>
            <column value="BUSINESS ZIP"/>
            <column value="ZIP business mail address (Free Text)"/>
          </stringTable>
          <stringTable>
            <column value="CITIZENSHIP"/>
            <column value="Citizenship code (Code set 14650)"/>
          </stringTable>
          <stringTable>
            <column value="CONTRIBUTOR SYSTEM"/>
            <column value="Contributor system code (Code set 89)"/>
          </stringTable>
          <stringTable>
            <column value="ETHNIC GROUP"/>
            <column value="Ethnic group code (Code set 27)"/>
          </stringTable>
          <stringTable>
            <column value="GENDER"/>
            <column value="Level gender code (Code set 57)"/>
          </stringTable>
          <stringTable>
            <column value="LANGUAGE"/>
            <column value="Language code (Code set 36)"/>
          </stringTable>
          <stringTable>
            <column value="MARITAL STATUS"/>
            <column value="Marital status code (Code set 38)"/>
          </stringTable>
          <stringTable>
            <column value="NATIONALITY"/>
            <column value="Nationality code (Code set 14652)"/>
          </stringTable>
          <stringTable>
            <column value="RACE"/>
            <column value="Race code (Code set 282)"/>
          </stringTable>
          <stringTable>
            <column value="RELIGION"/>
            <column value="Religion code (Code set 49)"/>
          </stringTable>
          <stringTable>
            <column value="RESIDENCE CITY"/>
            <column value="City residence mailing address (Free Text)"/>
          </stringTable>
          <stringTable>
            <column value="RESIDENCE COUNTRY"/>
            <column value="Country residence mailing address (Code set 15)"/>
          </stringTable>
          <stringTable>
            <column value="RESIDENCE COUNTY"/>
            <column value="County residence mailing address (Code set 74)"/>
          </stringTable>
          <stringTable>
            <column value="RESIDENCE STATE"/>
            <column value="State residence mailing address (Code set 62)"/>
          </stringTable>
          <stringTable>
            <column value="RESIDENCE ZIP"/>
            <column value="ZIP residence mailing address (Free Text)"/>
          </stringTable>
          <stringTable>
            <column value="SPECIES"/>
            <column value="Species code (Code set 226)"/>
          </stringTable>
          <stringTable>
            <column value="VIP CODE"/>
            <column value="Level VIP code (Code set 67)"/>
          </stringTable>
        </arguments>
        <arguments xsi:type="EM:ReferentialArgument" name="OPT_CODED_VALUES" dataType="CHARACTER" controlType="LISTBOX" validationType="READ_ONLY" dependency="DEMOGRAPHIC" reconcileScript="eks_p_ptDemoDetail" keyFieldIndex="2">
          <statements dependency="OPT_CODED_VALUES" statement="EXECUTE EKS_PT_DEMOGRAPHIC_REFHELP  PAR1  GO&#xD;&#xA;&#xD;&#xA;"/>
        </arguments>
        <arguments xsi:type="EM:ReferentialArgument" name="OPT_TEXT_VALUE" dataType="CHARACTER" controlType="LISTBOX" validationType="READ_ONLY" reconcileScript="N/A">
          <statements dependency="OPT_TEXT_VALUE" statement="select  FreeText = FillString(40, &quot; &quot;)&#xD;&#xA;from (dummyt d with seq = 1)&#xD;&#xA;"/>
        </arguments>
      </templateDefinitions>
      <templateDefinitions xsi:type="EM:ExpertTemplate" name="EKS_ENCOUNTER_DETAIL_L" definition="the patient's ENC_DETAIL QUAL DETAIL_VALUE for the same encounter as OPT_LINK" description="Encounter attributes" eventDependency="//@expertTemplates/@events/@event.1 //@expertTemplates/@events/@event.2 //@expertTemplates/@events/@event.3 //@expertTemplates/@events/@event.4 //@expertTemplates/@events/@event.8 //@expertTemplates/@events/@event.9 //@expertTemplates/@events/@event.10 //@expertTemplates/@events/@event.11 //@expertTemplates/@events/@event.13 //@expertTemplates/@events/@event.16 //@expertTemplates/@events/@event.23 //@expertTemplates/@events/@event.34 //@expertTemplates/@events/@event.36 //@expertTemplates/@events/@event.38 //@expertTemplates/@events/@event.40 //@expertTemplates/@events/@event.41 //@expertTemplates/@events/@event.43 //@expertTemplates/@events/@event.44 //@expertTemplates/@events/@event.51 //@expertTemplates/@events/@event.52 //@expertTemplates/@events/@event.53 //@expertTemplates/@events/@event.57 //@expertTemplates/@events/@event.59 //@expertTemplates/@events/@event.62 //@expertTemplates/@events/@event.63 //@expertTemplates/@events/@event.64 //@expertTemplates/@events/@event.65 //@expertTemplates/@events/@event.66 //@expertTemplates/@events/@event.67 //@expertTemplates/@events/@event.68 //@expertTemplates/@events/@event.70 //@expertTemplates/@events/@event.81 //@expertTemplates/@events/@event.82 //@expertTemplates/@events/@event.83 //@expertTemplates/@events/@event.84" optimizable="true" reconcilable="true">
        <keywords>ENCOUNTER</keywords>
        <arguments xsi:type="EM:ReferentialArgument" name="ENC_DETAIL" dataType="CHARACTER" controlType="REFERENTIAL" validationType="READ_ONLY" required="true" reconcileScript="N/A" keyFieldIndex="2">
          <statements dependency="ENC_DETAIL" statement="execute EKS_T_ENC_DETAIL_REFHELP &quot;HELP&quot; go"/>
        </arguments>
        <arguments xsi:type="EM:ReferentialArgument" name="QUAL" dataType="CHARACTER" controlType="REFERENTIAL" validationType="READ_ONLY" required="true" dependency="ENC_DETAIL" reconcileScript="N/A" keyFieldIndex="2">
          <statements dependency="QUAL" statement="execute EKS_T_ENC_DETAIL_REFHELP concat(&quot;QUAL&quot;, PAR1) go"/>
        </arguments>
        <arguments xsi:type="EM:ReferentialArgument" name="DETAIL_VALUE" dataType="CHARACTER" controlType="LISTBOX" validationType="READ_ONLY" required="true" dependency="ENC_DETAIL" optimizable="true" reconcileScript="eks_p_encDetail" keyFieldIndex="2">
          <statements dependency="DETAIL_VALUE" statement="execute EKS_T_ENC_DETAIL_REFHELP concat(&quot;VALUE&quot;, PAR1) go"/>
        </arguments>
        <arguments name="OPT_LINK" dataType="LINK" controlType="TEMPLATE_REFERENCE" reconcileScript="N/A"/>
      </templateDefinitions>
      <templateDefinitions xsi:type="EM:ExpertTemplate" name="EKS_AGE_EVAL_L" definition="Person's age is EVALUATION AGE1 UNIT1 and OPT_AGE2 OPT_UNIT2 using person from OPT_LINK" description="Age" eventDependency="//@expertTemplates/@events/@event.1 //@expertTemplates/@events/@event.2 //@expertTemplates/@events/@event.3 //@expertTemplates/@events/@event.5 //@expertTemplates/@events/@event.9 //@expertTemplates/@events/@event.10 //@expertTemplates/@events/@event.11 //@expertTemplates/@events/@event.13 //@expertTemplates/@events/@event.16 //@expertTemplates/@events/@event.23 //@expertTemplates/@events/@event.32 //@expertTemplates/@events/@event.34 //@expertTemplates/@events/@event.36 //@expertTemplates/@events/@event.38 //@expertTemplates/@events/@event.40 //@expertTemplates/@events/@event.41 //@expertTemplates/@events/@event.43 //@expertTemplates/@events/@event.44 //@expertTemplates/@events/@event.51 //@expertTemplates/@events/@event.52 //@expertTemplates/@events/@event.53 //@expertTemplates/@events/@event.57 //@expertTemplates/@events/@event.59 //@expertTemplates/@events/@event.60 //@expertTemplates/@events/@event.62 //@expertTemplates/@events/@event.63 //@expertTemplates/@events/@event.64 //@expertTemplates/@events/@event.65 //@expertTemplates/@events/@event.66 //@expertTemplates/@events/@event.67 //@expertTemplates/@events/@event.68 //@expertTemplates/@events/@event.70 //@expertTemplates/@events/@event.81 //@expertTemplates/@events/@event.82 //@expertTemplates/@events/@event.83 //@expertTemplates/@events/@event.84" reconcilable="true">
        <keywords>PERSON</keywords>
        <arguments xsi:type="EM:FixedListArgument" name="EVALUATION" dataType="CHARACTER" validationType="READ_ONLY" required="true" reconcileScript="N/A">
          <stringTable>
            <column value="greater than"/>
            <column value="greater than"/>
          </stringTable>
          <stringTable>
            <column value="less than"/>
            <column value="less than"/>
          </stringTable>
          <stringTable>
            <column value="between"/>
            <column value="between"/>
          </stringTable>
          <stringTable>
            <column value="outside"/>
            <column value="outside"/>
          </stringTable>
        </arguments>
        <arguments name="AGE1" required="true" reconcileScript="N/A"/>
        <arguments xsi:type="EM:FixedListArgument" name="UNIT1" dataType="CHARACTER" validationType="READ_ONLY" required="true" reconcileScript="N/A">
          <stringTable>
            <column value="minutes"/>
            <column value="minutes"/>
          </stringTable>
          <stringTable>
            <column value="hours"/>
            <column value="hours"/>
          </stringTable>
          <stringTable>
            <column value="days"/>
            <column value="days"/>
          </stringTable>
          <stringTable>
            <column value="weeks"/>
            <column value="weeks"/>
          </stringTable>
          <stringTable>
            <column value="months"/>
            <column value="months"/>
          </stringTable>
          <stringTable>
            <column value="years"/>
            <column value="years"/>
          </stringTable>
        </arguments>
        <arguments name="OPT_AGE2" reconcileScript="N/A"/>
        <arguments xsi:type="EM:FixedListArgument" name="OPT_UNIT2" dataType="CHARACTER" validationType="READ_ONLY" reconcileScript="N/A">
          <stringTable>
            <column value="minutes"/>
            <column value="minutes"/>
          </stringTable>
          <stringTable>
            <column value="hours"/>
            <column value="hours"/>
          </stringTable>
          <stringTable>
            <column value="days"/>
            <column value="days"/>
          </stringTable>
          <stringTable>
            <column value="weeks"/>
            <column value="weeks"/>
          </stringTable>
          <stringTable>
            <column value="months"/>
            <column value="months"/>
          </stringTable>
          <stringTable>
            <column value="years"/>
            <column value="years"/>
          </stringTable>
        </arguments>
        <arguments name="OPT_LINK" dataType="LINK" controlType="TEMPLATE_REFERENCE" reconcileScript="N/A"/>
      </templateDefinitions>
      <templateDefinitions xsi:type="EM:ExpertTemplate" name="EKS_CE_NORMALCY_INCOMING_L" definition="the triggering request for event set name of EVENT_SET_NAME and a event class of EVENT_CLASS with a result status RESULT_STATUS is  NORMALCY" description="Incoming normalcy, event class" eventDependency="//@expertTemplates/@events/@event.9" optimizable="true" reconcilable="true">
        <keywords>CLINICALEVENT</keywords>
        <arguments xsi:type="EM:ReferentialArgument" name="EVENT_SET_NAME" dataType="CHARACTER" controlType="LISTBOX" validationType="READ_ONLY" required="true" optimizable="true" reconcileScript="eks_p_event_set_name" keyFieldIndex="2">
          <statements dependency="EVENT_SET_NAME" statement="EKS_abc_refhelp &quot;*ANY&quot; go&#xD;&#xA;"/>
          <statements dependency="EVENT_SET_NAME" statement="eks_event_set_name_refhelp PAR1, &quot;EVENT_SET&quot; go"/>
        </arguments>
        <arguments xsi:type="EM:ReferentialArgument" name="EVENT_CLASS" dataType="CHARACTER" controlType="LISTBOX" validationType="READ_ONLY" required="true" optimizable="true" reconcileScript="eks_p_codeset_cki_refhelp &quot;53&quot;,&quot;CKI&quot;,&quot;*Any Event Class&quot;" keyFieldIndex="2">
          <statements dependency="EVENT_CLASS" statement="eks_codeset_cki_refhelp &quot;53&quot;,&quot;CKI&quot;,&quot;*Any Event Class&quot; go"/>
        </arguments>
        <arguments xsi:type="EM:ReferentialArgument" name="RESULT_STATUS" dataType="CHARACTER" controlType="LISTBOX" validationType="READ_ONLY" required="true" optimizable="true" reconcileScript="eks_p_codeset_cki_refhelp &quot;8&quot;,&quot;CKI&quot;,&quot;*Any Result Status&quot;" keyFieldIndex="2">
          <statements dependency="RESULT_STATUS" statement="eks_codeset_cki_refhelp &quot;8&quot;,&quot;CKI&quot;,&quot;*Any Result Status&quot; go"/>
        </arguments>
        <arguments xsi:type="EM:ReferentialArgument" name="NORMALCY" dataType="CHARACTER" controlType="LISTBOX" validationType="READ_ONLY" required="true" optimizable="true" reconcileScript="eks_p_codeset_cki_refhelp &quot;52&quot;,&quot;CKI&quot;,&quot;*Any Normalcy&quot;" keyFieldIndex="2">
          <statements dependency="NORMALCY" statement="eks_codeset_cki_refhelp &quot;52&quot;,&quot;CKI&quot;,&quot;*Any Normalcy&quot; go"/>
        </arguments>
      </templateDefinitions>
      <templateDefinitions xsi:type="EM:ExpertTemplate" name="EKS_EXEC_CCL_L" definition="Execute PROGRAM_NAME with parameters OPT_PARAM and link to OPT_LINK" description="Execute CCL program" eventDependency="//@expertTemplates/@events/@event.1 //@expertTemplates/@events/@event.2 //@expertTemplates/@events/@event.3 //@expertTemplates/@events/@event.4 //@expertTemplates/@events/@event.5 //@expertTemplates/@events/@event.8 //@expertTemplates/@events/@event.9 //@expertTemplates/@events/@event.10 //@expertTemplates/@events/@event.11 //@expertTemplates/@events/@event.13 //@expertTemplates/@events/@event.16 //@expertTemplates/@events/@event.23 //@expertTemplates/@events/@event.32 //@expertTemplates/@events/@event.34 //@expertTemplates/@events/@event.36 //@expertTemplates/@events/@event.38 //@expertTemplates/@events/@event.40 //@expertTemplates/@events/@event.41 //@expertTemplates/@events/@event.43 //@expertTemplates/@events/@event.44 //@expertTemplates/@events/@event.51 //@expertTemplates/@events/@event.52 //@expertTemplates/@events/@event.53 //@expertTemplates/@events/@event.57 //@expertTemplates/@events/@event.58 //@expertTemplates/@events/@event.59 //@expertTemplates/@events/@event.60 //@expertTemplates/@events/@event.62 //@expertTemplates/@events/@event.63 //@expertTemplates/@events/@event.64 //@expertTemplates/@events/@event.65 //@expertTemplates/@events/@event.66 //@expertTemplates/@events/@event.67 //@expertTemplates/@events/@event.68 //@expertTemplates/@events/@event.69 //@expertTemplates/@events/@event.70 //@expertTemplates/@events/@event.81 //@expertTemplates/@events/@event.82 //@expertTemplates/@events/@event.83 //@expertTemplates/@events/@event.84" reconcilable="true">
        <keywords>UTILITY</keywords>
        <arguments name="PROGRAM_NAME" dataType="CHARACTER" required="true" reconcileScript="eks_p_checkprg"/>
        <arguments name="OPT_PARAM" dataType="CHARACTER" reconcileScript="N/A"/>
        <arguments name="OPT_LINK" dataType="LINK" controlType="TEMPLATE_REFERENCE" reconcileScript="N/A"/>
      </templateDefinitions>
      <templateDefinitions xsi:type="EM:ExpertTemplate" name="EKS_BUILD_MESSAGE_L" definition="ACTION a message named MSGNAME with text of MSGTEXT preceded by OPT_DELIMITER" description="Create or add to a text message to be used by subsequent templates" eventDependency="//@expertTemplates/@events/@event.1 //@expertTemplates/@events/@event.2 //@expertTemplates/@events/@event.3 //@expertTemplates/@events/@event.8 //@expertTemplates/@events/@event.9 //@expertTemplates/@events/@event.10 //@expertTemplates/@events/@event.11 //@expertTemplates/@events/@event.13 //@expertTemplates/@events/@event.16 //@expertTemplates/@events/@event.23 //@expertTemplates/@events/@event.32 //@expertTemplates/@events/@event.34 //@expertTemplates/@events/@event.36 //@expertTemplates/@events/@event.38 //@expertTemplates/@events/@event.40 //@expertTemplates/@events/@event.41 //@expertTemplates/@events/@event.43 //@expertTemplates/@events/@event.44 //@expertTemplates/@events/@event.51 //@expertTemplates/@events/@event.52 //@expertTemplates/@events/@event.53 //@expertTemplates/@events/@event.57 //@expertTemplates/@events/@event.59 //@expertTemplates/@events/@event.60 //@expertTemplates/@events/@event.62 //@expertTemplates/@events/@event.63 //@expertTemplates/@events/@event.64 //@expertTemplates/@events/@event.65 //@expertTemplates/@events/@event.66 //@expertTemplates/@events/@event.67 //@expertTemplates/@events/@event.68 //@expertTemplates/@events/@event.70 //@expertTemplates/@events/@event.81 //@expertTemplates/@events/@event.82 //@expertTemplates/@events/@event.83 //@expertTemplates/@events/@event.84" reconcilable="true" alwaysTrue="true">
        <keywords>UTILITY</keywords>
        <arguments xsi:type="EM:ReferentialArgument" name="ACTION" dataType="CHARACTER" controlType="REFERENTIAL" validationType="READ_ONLY" required="true" reconcileScript="N/A" keyFieldIndex="2">
          <statements dependency="ACTION" statement="select action = if (d.seq =  1) &quot;Create&quot;&#xD;&#xA;         elseif (d.seq =  2) &quot;Append To&quot;&#xD;&#xA;         ENDIF,&#xD;&#xA;         _hidden = if (d.seq =  1) &quot;1&quot;&#xD;&#xA;         elseif (d.seq =  2) &quot;2&quot;&#xD;&#xA;         ENDIF&#xD;&#xA;&#xD;&#xA;FROM (DUMMYT D WITH SEQ = VALUE(2))"/>
        </arguments>
        <arguments name="MSGNAME" dataType="CHARACTER" required="true" reconcileScript="N/A"/>
        <arguments name="MSGTEXT" dataType="CHARACTER" required="true" reconcileScript="N/A"/>
        <arguments name="OPT_DELIMITER" dataType="CHARACTER" reconcileScript="N/A"/>
      </templateDefinitions>
    </logicTemplates>
    <actionTemplates>
      <templateDefinitions xsi:type="EM:ExpertTemplate" name="EKS_NOTIFY" definition="send subject SUBJECT with message  MESSAGE to LOCATION linked to procedure PROCEDURE with priority PRIORITY under categories CLASS and SUBCLASS" description="Send message to Discern Notification" eventDependency="//@expertTemplates/@events/@event.1 //@expertTemplates/@events/@event.2 //@expertTemplates/@events/@event.3 //@expertTemplates/@events/@event.8 //@expertTemplates/@events/@event.9 //@expertTemplates/@events/@event.10 //@expertTemplates/@events/@event.11 //@expertTemplates/@events/@event.13 //@expertTemplates/@events/@event.16 //@expertTemplates/@events/@event.20 //@expertTemplates/@events/@event.23 //@expertTemplates/@events/@event.36 //@expertTemplates/@events/@event.38 //@expertTemplates/@events/@event.40 //@expertTemplates/@events/@event.41 //@expertTemplates/@events/@event.43 //@expertTemplates/@events/@event.44 //@expertTemplates/@events/@event.47 //@expertTemplates/@events/@event.46 //@expertTemplates/@events/@event.50 //@expertTemplates/@events/@event.53 //@expertTemplates/@events/@event.57 //@expertTemplates/@events/@event.59 //@expertTemplates/@events/@event.60 //@expertTemplates/@events/@event.62 //@expertTemplates/@events/@event.63 //@expertTemplates/@events/@event.64 //@expertTemplates/@events/@event.65 //@expertTemplates/@events/@event.66 //@expertTemplates/@events/@event.67 //@expertTemplates/@events/@event.68 //@expertTemplates/@events/@event.70 //@expertTemplates/@events/@event.81 //@expertTemplates/@events/@event.82 //@expertTemplates/@events/@event.84 //@expertTemplates/@events/@event.49" reconcilable="true">
        <keywords>NOTIFICATION</keywords>
        <arguments xsi:type="EM:FixedListArgument" name="SUBJECT" dataType="CHARACTER" controlType="TEXT_MULTI_LINE" required="true" reconcileScript="N/A">
          <stringTable>
            <column value="@ACCESSION:"/>
            <column value="Accession Number"/>
          </stringTable>
          <stringTable>
            <column value="@AGE:"/>
            <column value="Age and unit (i.e. days, years)"/>
          </stringTable>
          <stringTable>
            <column value="@AGEYRS:"/>
            <column value="Age in years without unit"/>
          </stringTable>
          <stringTable>
            <column value="@BIRTHDATE:"/>
            <column value="Birthdate"/>
          </stringTable>
          <stringTable>
            <column value="@BIRTHDTTM:"/>
            <column value="Birthdate Time"/>
          </stringTable>
          <stringTable>
            <column value="@CATALOGCDDISP:"/>
            <column value="Catalog Code Display"/>
          </stringTable>
          <stringTable>
            <column value="@CURDATETIME"/>
            <column value="Current Date Time"/>
          </stringTable>
          <stringTable>
            <column value="@CURREV"/>
            <column value="Current HNAM Revision"/>
          </stringTable>
          <stringTable>
            <column value="@CURSYS"/>
            <column value="Current System (VMS,AIX)"/>
          </stringTable>
          <stringTable>
            <column value="@EKSMODULENAME"/>
            <column value="EKS Module Name"/>
          </stringTable>
          <stringTable>
            <column value="@EVENTCDDISP:"/>
            <column value="Event Code Display"/>
          </stringTable>
          <stringTable>
            <column value="@MEDICALNUMBER:"/>
            <column value="Medical Number"/>
          </stringTable>
          <stringTable>
            <column value="@MISC:"/>
            <column value="Special Usage/Formatted Info"/>
          </stringTable>
          <stringTable>
            <column value="@EVENTENDDTTM"/>
            <column value="Clinical Event End Date and Time"/>
          </stringTable>
          <stringTable>
            <column value="@NEWLINE"/>
            <column value="New Line"/>
          </stringTable>
          <stringTable>
            <column value="@ORDERDOC:"/>
            <column value="Ordering Doctor"/>
          </stringTable>
          <stringTable>
            <column value="@ORDERDOCEMAIL:"/>
            <column value="Ordering Doctor's EMail"/>
          </stringTable>
          <stringTable>
            <column value="@ORDERDOCPRINTER:"/>
            <column value="Ordering Doctor's Printer"/>
          </stringTable>
          <stringTable>
            <column value="@ORDERID:"/>
            <column value="Order ID"/>
          </stringTable>
          <stringTable>
            <column value="@ORGPRINTER:"/>
            <column value="Patient's Organization Printer"/>
          </stringTable>
          <stringTable>
            <column value="@ORIGORDERDTTM:"/>
            <column value="Original Order Date/Time"/>
          </stringTable>
          <stringTable>
            <column value="@PATIENT:"/>
            <column value="Patient"/>
          </stringTable>
          <stringTable>
            <column value="@PATIENTID:"/>
            <column value="Patient ID"/>
          </stringTable>
          <stringTable>
            <column value="@PTBLDGENC:"/>
            <column value="Patient's Encounter Building"/>
          </stringTable>
          <stringTable>
            <column value="@PTBLDGENCEMAIL:"/>
            <column value="Patient's Encounter Building EMail"/>
          </stringTable>
          <stringTable>
            <column value="@PTBLDGENCPRINTER:"/>
            <column value="Patient's Encounter Building Printer"/>
          </stringTable>
          <stringTable>
            <column value="@PATFACENC:"/>
            <column value="Patient's Encounter Facility "/>
          </stringTable>
          <stringTable>
            <column value="@PTFACENCEMAIL:"/>
            <column value="Patient's Encounter Facility  EMail"/>
          </stringTable>
          <stringTable>
            <column value="@PTFACENCPRINTER:"/>
            <column value="Patient's Encounter Facility Printer"/>
          </stringTable>
          <stringTable>
            <column value="@PTLOCENC:"/>
            <column value="Patient's Encounter Location"/>
          </stringTable>
          <stringTable>
            <column value="@PTLOCENCEMAIL:"/>
            <column value="Patient's Encounter Location EMail"/>
          </stringTable>
          <stringTable>
            <column value="@PTLOCENCPRINTER:"/>
            <column value="Patient's Encounter Location Printer"/>
          </stringTable>
          <stringTable>
            <column value="@PTNURSENC:"/>
            <column value="Patient's Encounter Nurse Unit "/>
          </stringTable>
          <stringTable>
            <column value="@PTNURSENCEMAIL:"/>
            <column value="Patient's Encounter Nurse Unit EMail"/>
          </stringTable>
          <stringTable>
            <column value="@PTNURSENCPRINTER:"/>
            <column value="Patient's Encounter Nurse Unit  Printer"/>
          </stringTable>
          <stringTable>
            <column value="@PTLOCORD:"/>
            <column value="Patient's Order Location"/>
          </stringTable>
          <stringTable>
            <column value="@PTLOCORDEMAIL:"/>
            <column value="Patient's Order Location EMail"/>
          </stringTable>
          <stringTable>
            <column value="@PTLOCORDPRINTER:"/>
            <column value="Patient's Order Location Printer"/>
          </stringTable>
          <stringTable>
            <column value="@PTROOMENC:"/>
            <column value="Patient's Encounter Room"/>
          </stringTable>
          <stringTable>
            <column value="@RESULT:"/>
            <column value="Result"/>
          </stringTable>
          <stringTable>
            <column value="@TASKASSAY:"/>
            <column value="Task Assay"/>
          </stringTable>
        </arguments>
        <arguments xsi:type="EM:FixedListArgument" name="MESSAGE" dataType="CHARACTER" controlType="TEXT_MULTI_LINE" required="true" reconcileScript="N/A">
          <stringTable>
            <column value="@ACCESSION:"/>
            <column value="Accession Number"/>
          </stringTable>
          <stringTable>
            <column value="@AGE:"/>
            <column value="Age and unit (i.e. days, years)"/>
          </stringTable>
          <stringTable>
            <column value="@AGEYRS:"/>
            <column value="Age in years without unit"/>
          </stringTable>
          <stringTable>
            <column value="@BIRTHDATE:"/>
            <column value="Birthdate"/>
          </stringTable>
          <stringTable>
            <column value="@BIRTHDTTM:"/>
            <column value="Birthdate Time"/>
          </stringTable>
          <stringTable>
            <column value="@CATALOGCDDISP:"/>
            <column value="Catalog Code Display"/>
          </stringTable>
          <stringTable>
            <column value="@CURDATETIME"/>
            <column value="Current Date Time"/>
          </stringTable>
          <stringTable>
            <column value="@CURREV"/>
            <column value="Current HNAM Revision"/>
          </stringTable>
          <stringTable>
            <column value="@CURSYS"/>
            <column value="Current System (VMS.AIX)"/>
          </stringTable>
          <stringTable>
            <column value="@EKSMODULENAME"/>
            <column value="EKS Module Name"/>
          </stringTable>
          <stringTable>
            <column value="@EVENTCDDISP:"/>
            <column value="Event Code Display"/>
          </stringTable>
          <stringTable>
            <column value="@EVENTENDDTTM"/>
            <column value="Clinical Event End Date and Time"/>
          </stringTable>
          <stringTable>
            <column value="@MEDICALNUMBER:"/>
            <column value="Medical Number"/>
          </stringTable>
          <stringTable>
            <column value="@MISC:"/>
            <column value="Special Usage/Formatted Info"/>
          </stringTable>
          <stringTable>
            <column value="@NEWLINE"/>
            <column value="New Line"/>
          </stringTable>
          <stringTable>
            <column value="@ORDERDOC:"/>
            <column value="Ordering Doctor"/>
          </stringTable>
          <stringTable>
            <column value="@ORDERDOCEMAIL:"/>
            <column value="Ordering Doctor's Email"/>
          </stringTable>
          <stringTable>
            <column value="@ORDERDOCPRINTER:"/>
            <column value="Ordering Doctor's Printer"/>
          </stringTable>
          <stringTable>
            <column value="@ORDERID:"/>
            <column value="Order ID"/>
          </stringTable>
          <stringTable>
            <column value="@ORGPRINTER:"/>
            <column value="Patient's Organization Printer"/>
          </stringTable>
          <stringTable>
            <column value="@ORIGORDERDTTM:"/>
            <column value="Original Order Date/Time"/>
          </stringTable>
          <stringTable>
            <column value="@PATIENT:"/>
            <column value="Patient"/>
          </stringTable>
          <stringTable>
            <column value="@PATIENTID:"/>
            <column value="Patient ID"/>
          </stringTable>
          <stringTable>
            <column value="@PTBLDGENC:"/>
            <column value="Patient's Encounter Building"/>
          </stringTable>
          <stringTable>
            <column value="@PTBLDGENCEMAIL:"/>
            <column value="Patient's Encounter Building EMail"/>
          </stringTable>
          <stringTable>
            <column value="@PTBLDGENCPRINTER:"/>
            <column value="Patient's Encounter Building Printer"/>
          </stringTable>
          <stringTable>
            <column value="@PATFACENC:"/>
            <column value="Patient's Encounter Facility"/>
          </stringTable>
          <stringTable>
            <column value="@PTFACENCEMAIL:"/>
            <column value="Patient's Encounter Facility EMail"/>
          </stringTable>
          <stringTable>
            <column value="@PTFACENCPRINTER:"/>
            <column value="Patient's Encounter Facility Printer"/>
          </stringTable>
          <stringTable>
            <column value="@PTLOCENC:"/>
            <column value="Patient's Encounter Location"/>
          </stringTable>
          <stringTable>
            <column value="@PTLOCENCEMAIL:"/>
            <column value="Patient's Encounter Location EMail"/>
          </stringTable>
          <stringTable>
            <column value="@PTLOCENCPRINTER:"/>
            <column value="Patient's Encounter Location Printer"/>
          </stringTable>
          <stringTable>
            <column value="@PTNURSENC:"/>
            <column value="Patient's Encounter Nurse Unit"/>
          </stringTable>
          <stringTable>
            <column value="@PTNURSENCEMAIL:"/>
            <column value="Patient's Encounter Nurse Unit EMail"/>
          </stringTable>
          <stringTable>
            <column value="@PTNURSENCPRINTER:"/>
            <column value="Patient's Encounter Nurse Unit Printer"/>
          </stringTable>
          <stringTable>
            <column value="@PTLOCORD:"/>
            <column value="Patient's Order Location"/>
          </stringTable>
          <stringTable>
            <column value="@PTLOCORDEMAIL:"/>
            <column value="Patient's Order Location EMail"/>
          </stringTable>
          <stringTable>
            <column value="@PTLOCORDPRINTER:"/>
            <column value="Patient's Order Location Printer"/>
          </stringTable>
          <stringTable>
            <column value="@PTROOMENC:"/>
            <column value="Patient's Encounter Room"/>
          </stringTable>
          <stringTable>
            <column value="@RESULT:"/>
            <column value="Result"/>
          </stringTable>
          <stringTable>
            <column value="@TASKASSAY:"/>
            <column value="Task Assay"/>
          </stringTable>
        </arguments>
        <arguments xsi:type="EM:ReferentialArgument" name="LOCATION" dataType="CHARACTER" controlType="REFERENTIAL" validationType="REFERENTIAL" required="true" reconcileScript="eks_p_NotifyLoc">
          <defaultValue xsi:type="EM:StringValue" value="REPLY"/>
          <statements dependency="LOCATION" statement="select&#xD;&#xA; c.display_key&#xD;&#xA; ,c.cdf_meaning&#xD;&#xA; ,c.code_value&#xD;&#xA; from code_value c&#xD;&#xA; where c.code_set=220 &#xD;&#xA; and c.active_ind= 1 &#xD;&#xA; and c.begin_effective_dt_tm &lt;= cnvtdatetime(curdate,curtime3)&#xD;&#xA; and c.end_effective_dt_tm   >= cnvtdatetime(curdate,curtime3)&#xD;&#xA; and NOT c.cdf_meaning in (&quot;ROOM&quot;,&quot;BED&quot;,&quot;FACILITY&quot;,&quot;BUILDING&quot;,&#xD;&#xA; &quot;APPTROOT&quot;,&quot;BBDRAW&quot;,&quot;BBOWNERROOT&quot;,&quot;BBINVAREA&quot;,&#xD;&#xA; &quot;COLLROOT&quot;,&quot;COLLRTE&quot;,&quot;COLLRUN&quot;,&quot;CSLOGIN&quot;,&quot;CSTRACK&quot;,&#xD;&#xA; &quot;HIM&quot;,&quot;HIMROOT&quot;,&quot;INVGRP&quot;,&quot;INVLOC&quot;,&quot;INVLOCATOR&quot;,&quot;INVVIEW&quot;)&#xD;&#xA; and NOT c.cdf_meaning in (&quot;MICRO STATIS&quot;,&quot;MMGRPROOT&quot;,&#xD;&#xA; &quot;PTTRACK&quot;,&quot;PTTRACKROOT&quot;,&quot;PTRECYCLE&quot;,&quot;RXLOCGROUP&quot;,&quot;SRVAREA&quot;,&#xD;&#xA; &quot;STORAGERACK&quot;,&quot;STORAGEROOT&quot;,&quot;STORAGESHELF&quot;,&quot;STORAGETRAY&quot;,&#xD;&#xA; &quot;STORAGEUNIT&quot;,&quot;SURGFILL&quot;)&#xD;&#xA; order c.display_key"/>
        </arguments>
        <arguments name="PROCEDURE" dataType="LINK" controlType="TEMPLATE_REFERENCE" required="true" reconcileScript="N/A"/>
        <arguments xsi:type="EM:FixedListArgument" name="PRIORITY" dataType="CHARACTER" validationType="READ_ONLY" required="true" reconcileScript="N/A">
          <defaultValue xsi:type="EM:StringValue" value="HIGH"/>
          <stringTable>
            <column value="HIGH"/>
            <column value="High priority notification message"/>
          </stringTable>
          <stringTable>
            <column value="LOW"/>
            <column value="Low priority notification message"/>
          </stringTable>
        </arguments>
        <arguments xsi:type="EM:FixedListArgument" name="CLASS" dataType="CHARACTER" required="true" reconcileScript="N/A">
          <defaultValue xsi:type="EM:StringValue" value="APPLICATION"/>
          <stringTable>
            <column value="APPLICATION"/>
            <column value="Application"/>
          </stringTable>
        </arguments>
        <arguments xsi:type="EM:FixedListArgument" name="SUBCLASS" dataType="CHARACTER" reconcileScript="N/A">
          <defaultValue xsi:type="EM:StringValue" value="DISCERN"/>
          <stringTable>
            <column value="DISCERN"/>
            <column value="Discern Expert"/>
          </stringTable>
          <stringTable>
            <column value="MICROBIOLOGY"/>
            <column value="Microbiology"/>
          </stringTable>
          <stringTable>
            <column value="PRINTING SERVICES"/>
            <column value="Printing Services"/>
          </stringTable>
          <stringTable>
            <column value="PATIENT"/>
            <column value="Patient Services"/>
          </stringTable>
        </arguments>
      </templateDefinitions>
    </actionTemplates>
  </expertTemplates>
  <ruleDefinition>
    <evokeSection>
      <evokes evokeEvent="//@expertTemplates/@events/@event.9">
        <logicExpression xsi:type="EM:InfixExpression">
          <leftExpression xsi:type="EM:Antecedent" id="E1" template="EKS_DEBUGEKM_E">
            <facts argument="DEBUG_STATUS">
              <value xsi:type="EM:ListValue">
                <values xsi:type="EM:ListValue">
                  <values xsi:type="EM:CustomValue" hideDisplay="true">
                    <customValue xsi:type="EM:StringValue" value="5"/>
                  </values>
                  <values xsi:type="EM:StringValue" value="To FullAudit for this module only"/>
                </values>
              </value>
            </facts>
          </leftExpression>
          <rightExpression xsi:type="EM:Antecedent" id="E2" template="EKS_CE_RESULT_STATUS_E">
            <facts argument="EVENT_SET_NAME">
              <value xsi:type="EM:ListValue">
                <values xsi:type="EM:ListValue">
                  <values xsi:type="EM:CustomValue" hideDisplay="true">
                    <customValue xsi:type="EM:StringValue" value="*ANY_EVENT_SET_NAME"/>
                  </values>
                  <values xsi:type="EM:StringValue" value="*ANY_EVENT_SET_NAME"/>
                  <values xsi:type="EM:ListValue">
                    <values xsi:type="EM:CustomValue" hideDisplay="true">
                      <customValue xsi:type="EM:StringValue" value="*ANY"/>
                    </values>
                  </values>
                </values>
              </value>
            </facts>
            <facts argument="STATUS">
              <value xsi:type="EM:ListValue">
                <values xsi:type="EM:ListValue">
                  <values xsi:type="EM:CustomValue" hideDisplay="true">
                    <customValue xsi:type="EM:StringValue" value="CDF8:AUTH"/>
                  </values>
                  <values xsi:type="EM:StringValue" value="Auth (Verified)"/>
                </values>
              </value>
            </facts>
          </rightExpression>
        </logicExpression>
      </evokes>
    </evokeSection>
    <logicSection>
      <logicExpression xsi:type="EM:InfixExpression">
        <leftExpression xsi:type="EM:Antecedent" alias="Patient Information" id="L1" template="EKS_LOGIC_TRUE">
          <facts argument="LOGIC">
            <value xsi:type="EM:StringValue" value="@quot;LOGIC@quot;"/>
          </facts>
        </leftExpression>
        <rightExpression xsi:type="EM:InfixExpression">
          <leftExpression xsi:type="EM:GroupExpression">
            <expression xsi:type="EM:InfixExpression" operator="OR">
              <leftExpression xsi:type="EM:Antecedent" id="L2" template="EKS_PT_DEMOGRAPHIC_L">
                <facts argument="DEMOGRAPHIC">
                  <value xsi:type="EM:StringValue" value="GENDER"/>
                </facts>
                <facts argument="OPT_CODED_VALUES">
                  <value xsi:type="EM:ListValue">
                    <values xsi:type="EM:ListValue">
                      <values xsi:type="EM:CustomValue" hideDisplay="true">
                        <customValue xsi:type="EM:StringValue" value="CDF57:FEMALE"/>
                      </values>
                      <values xsi:type="EM:StringValue" value="Female"/>
                    </values>
                  </value>
                </facts>
                <facts argument="OPT_TEXT_VALUE">
                  <value xsi:type="EM:StringValue"/>
                </facts>
              </leftExpression>
              <rightExpression xsi:type="EM:Antecedent" id="L3" template="EKS_PT_DEMOGRAPHIC_L">
                <facts argument="DEMOGRAPHIC">
                  <value xsi:type="EM:StringValue" value="BIRTH SEX"/>
                </facts>
                <facts argument="OPT_CODED_VALUES">
                  <value xsi:type="EM:ListValue">
                    <values xsi:type="EM:ListValue">
                      <values xsi:type="EM:CustomValue" hideDisplay="true">
                        <customValue xsi:type="EM:StringValue" value="2557879053.0"/>
                      </values>
                      <values xsi:type="EM:StringValue" value="Female"/>
                    </values>
                  </value>
                </facts>
                <facts argument="OPT_TEXT_VALUE">
                  <value xsi:type="EM:StringValue"/>
                </facts>
              </rightExpression>
            </expression>
          </leftExpression>
          <rightExpression xsi:type="EM:InfixExpression">
            <leftExpression xsi:type="EM:Antecedent" id="L4" template="EKS_ENCOUNTER_DETAIL_L">
              <facts argument="ENC_DETAIL">
                <value xsi:type="EM:ListValue">
                  <values xsi:type="EM:ListValue">
                    <values xsi:type="EM:CustomValue" hideDisplay="true">
                      <customValue xsi:type="EM:StringValue" value="ENCNTR_TYPE_CD\71"/>
                    </values>
                    <values xsi:type="EM:StringValue" value="Encounter Type"/>
                  </values>
                </value>
              </facts>
              <facts argument="QUAL">
                <value xsi:type="EM:ListValue">
                  <values xsi:type="EM:ListValue">
                    <values xsi:type="EM:CustomValue" hideDisplay="true">
                      <customValue xsi:type="EM:StringValue" value="="/>
                    </values>
                    <values xsi:type="EM:StringValue" value="is listed"/>
                  </values>
                </value>
              </facts>
              <facts argument="DETAIL_VALUE">
                <value xsi:type="EM:ListValue">
                  <values xsi:type="EM:ListValue">
                    <values xsi:type="EM:CustomValue" hideDisplay="true">
                      <customValue xsi:type="EM:StringValue" value="CKI.CODEVALUE!3958"/>
                    </values>
                    <values xsi:type="EM:StringValue" value="INPATIENT"/>
                  </values>
                  <values xsi:type="EM:ListValue">
                    <values xsi:type="EM:CustomValue" hideDisplay="true">
                      <customValue xsi:type="EM:StringValue" value="CKI.CODEVALUE!3959"/>
                    </values>
                    <values xsi:type="EM:StringValue" value="OUTPATIENT"/>
                  </values>
                  <values xsi:type="EM:ListValue">
                    <values xsi:type="EM:CustomValue" hideDisplay="true">
                      <customValue xsi:type="EM:StringValue" value="2555137211"/>
                    </values>
                    <values xsi:type="EM:StringValue" value="OUTPATIENTMONITORING"/>
                  </values>
                  <values xsi:type="EM:ListValue">
                    <values xsi:type="EM:CustomValue" hideDisplay="true">
                      <customValue xsi:type="EM:StringValue" value="CKI.CODEVALUE!17613"/>
                    </values>
                    <values xsi:type="EM:StringValue" value="OBSERVATION"/>
                  </values>
                </value>
              </facts>
              <facts argument="OPT_LINK">
                <value xsi:type="EM:AntecedentReference"/>
              </facts>
            </leftExpression>
            <rightExpression xsi:type="EM:InfixExpression">
              <leftExpression xsi:type="EM:Antecedent" id="L5" template="EKS_AGE_EVAL_L">
                <facts argument="EVALUATION">
                  <value xsi:type="EM:StringValue" value="between"/>
                </facts>
                <facts argument="AGE1">
                  <value xsi:type="EM:IntegerValue" intValue="8"/>
                </facts>
                <facts argument="UNIT1">
                  <value xsi:type="EM:StringValue" value="years"/>
                </facts>
                <facts argument="OPT_AGE2">
                  <value xsi:type="EM:IntegerValue" intValue="70"/>
                </facts>
                <facts argument="OPT_UNIT2">
                  <value xsi:type="EM:StringValue" value="years"/>
                </facts>
                <facts argument="OPT_LINK">
                  <value xsi:type="EM:AntecedentReference"/>
                </facts>
              </leftExpression>
              <rightExpression xsi:type="EM:InfixExpression">
                <leftExpression xsi:type="EM:Antecedent" alias="Incoming Result" id="L6" template="EKS_CE_NORMALCY_INCOMING_L">
                  <facts argument="EVENT_SET_NAME">
                    <value xsi:type="EM:ListValue">
                      <values xsi:type="EM:ListValue">
                        <values xsi:type="EM:CustomValue" hideDisplay="true">
                          <customValue xsi:type="EM:StringValue" value="*ANY_EVENT_SET_NAME"/>
                        </values>
                        <values xsi:type="EM:StringValue" value="*ANY_EVENT_SET_NAME"/>
                        <values xsi:type="EM:ListValue">
                          <values xsi:type="EM:CustomValue" hideDisplay="true">
                            <customValue xsi:type="EM:StringValue" value="*ANY"/>
                          </values>
                        </values>
                      </values>
                    </value>
                  </facts>
                  <facts argument="EVENT_CLASS">
                    <value xsi:type="EM:ListValue">
                      <values xsi:type="EM:ListValue">
                        <values xsi:type="EM:CustomValue" hideDisplay="true">
                          <customValue xsi:type="EM:StringValue" value="*Any Event Class"/>
                        </values>
                        <values xsi:type="EM:StringValue" value="*Any Event Class"/>
                      </values>
                    </value>
                  </facts>
                  <facts argument="RESULT_STATUS">
                    <value xsi:type="EM:ListValue">
                      <values xsi:type="EM:ListValue">
                        <values xsi:type="EM:CustomValue" hideDisplay="true">
                          <customValue xsi:type="EM:StringValue" value="CDF8:AUTH"/>
                        </values>
                        <values xsi:type="EM:StringValue" value="Auth (Verified)"/>
                      </values>
                    </value>
                  </facts>
                  <facts argument="NORMALCY">
                    <value xsi:type="EM:ListValue">
                      <values xsi:type="EM:ListValue">
                        <values xsi:type="EM:CustomValue" hideDisplay="true">
                          <customValue xsi:type="EM:StringValue" value="*Any Normalcy"/>
                        </values>
                        <values xsi:type="EM:StringValue" value="*Any Normalcy"/>
                      </values>
                    </value>
                  </facts>
                </leftExpression>
                <rightExpression xsi:type="EM:InfixExpression">
                  <leftExpression xsi:type="EM:Antecedent" id="L7" template="EKS_EXEC_CCL_L">
                    <facts argument="PROGRAM_NAME">
                      <value xsi:type="EM:StringValue" value="cov_wh_ce_invalid_dyn_group"/>
                    </facts>
                    <facts argument="OPT_PARAM">
                      <value xsi:type="EM:StringValue"/>
                    </facts>
                    <facts argument="OPT_LINK">
                      <value xsi:type="EM:AntecedentReference" antecedent="//@ruleDefinition/@logicSection/@logicExpression/@rightExpression/@rightExpression/@rightExpression/@rightExpression/@leftExpression"/>
                    </facts>
                  </leftExpression>
                  <rightExpression xsi:type="EM:Antecedent" id="L8" template="EKS_BUILD_MESSAGE_L">
                    <facts argument="ACTION">
                      <value xsi:type="EM:ListValue">
                        <values xsi:type="EM:ListValue">
                          <values xsi:type="EM:CustomValue" hideDisplay="true">
                            <customValue xsi:type="EM:StringValue" value="1"/>
                          </values>
                          <values xsi:type="EM:StringValue" value="Create"/>
                        </values>
                      </value>
                    </facts>
                    <facts argument="MSGNAME">
                      <value xsi:type="EM:StringValue" value="PATIENTDATA"/>
                    </facts>
                    <facts argument="MSGTEXT">
                      <value xsi:type="EM:StringValue" value="@PATIENTID:{Patient Information}|@ENCOUNTERID:{Patient Information}"/>
                    </facts>
                    <facts argument="OPT_DELIMITER">
                      <value xsi:type="EM:StringValue"/>
                    </facts>
                  </rightExpression>
                </rightExpression>
              </rightExpression>
            </rightExpression>
          </rightExpression>
        </rightExpression>
      </logicExpression>
    </logicSection>
    <actionSection>
      <action xsi:type="EM:ActionExpression">
        <logicExpression xsi:type="EM:Antecedent" id="A1" template="EKS_NOTIFY">
          <facts argument="SUBJECT">
            <value xsi:type="EM:StringValue" value="IMPROPER WORKFLOW - Baby Dynamic Group(s)"/>
          </facts>
          <facts argument="MESSAGE">
            <value xsi:type="EM:StringValue" value="@file:[cust_script:wh_ce_invalid_dyn_group.html]"/>
          </facts>
          <facts argument="LOCATION">
            <value xsi:type="EM:StringValue" value="REPLY"/>
          </facts>
          <facts argument="PROCEDURE">
            <value xsi:type="EM:AntecedentReference" antecedent="//@ruleDefinition/@logicSection/@logicExpression/@leftExpression"/>
          </facts>
          <facts argument="PRIORITY">
            <value xsi:type="EM:StringValue" value="HIGH"/>
          </facts>
          <facts argument="CLASS">
            <value xsi:type="EM:StringValue" value="APPLICATION"/>
          </facts>
          <facts argument="SUBCLASS">
            <value xsi:type="EM:StringValue" value="DISCERN"/>
          </facts>
        </logicExpression>
      </action>
    </actionSection>
  </ruleDefinition>
</EM:ExpertModule>
