<?xml version="1.0" encoding="ASCII"?>
<EM:ExpertModule xmi:version="2.0" xmlns:xmi="http://www.omg.org/XMI" xmlns:xsi="http://www.w3.org/2001/XMLSchema-instance" xmlns:EM="http:///com.cerner.expert/expertmodule/1.0.0" moduleName="COV_EE_RAD_COMPLETE">
  <information>
    <runtimeInformation versionString="001.002" externalFileName="COV_EE_RAD_COMPLETE" lastUpdated="2022-10-25T11:44:04.000-0500" validtionType="PRODUCTION" title="COV_EE_RAD_COMPLETE" reconcileFlag="1" reconcileDate="2022-10-25T11:44:04.000-0500">
      <duration start="2019-04-23T23:00:00.000-0500" end="2100-04-24T22:59:59.000-0500"/>
      <updateUser userName="CUMMINGS, CHAD"/>
    </runtimeInformation>
    <documentation author="ccummin4" institution="" specialist=""/>
  </information>
  <expertTemplates>
    <events>
      <event name=""/>
      <event name="ADDPROBLEM"/>
      <event name="ADDTOSCRATCHPAD"/>
      <event name="ALLERGY_EVENT"/>
      <event name="AP_ORDER_EVENT"/>
      <event name="BB_RESULT_EVENT"/>
      <event name="CBTFLEXORDERS"/>
      <event name="CHART_SERVER_EVENT"/>
      <event name="CLINICALTRIALSCREEN"/>
      <event name="CLINICAL_EVENT"/>
      <event name="CLOSECHART"/>
      <event name="COLLECTION_EVENT"/>
      <event name="DCP_CN_TASK_UPD"/>
      <event name="DCP_MODTASK_EVENT"/>
      <event name="DCP_PW_COND"/>
      <event name="DCP_PW_OUTCOME_EVENT"/>
      <event name="DIAGNOSIS_EVENT"/>
      <event name="EKS_FORMAT"/>
      <event name="EKS_SYNC_TEST01"/>
      <event name="EKS_TEST_02"/>
      <event name="EKS_TEST_EVENT"/>
      <event name="EKS_TEST_EVENT01"/>
      <event name="ENSURE_EVENT"/>
      <event name="EXPERT_EVENT"/>
      <event name="HEALTHE_EVENT"/>
      <event name="HEALTH_MAINT_QUAL_EVENT"/>
      <event name="HIM_ADD_REQUEST"/>
      <event name="HIM_ADMIT_EVENT"/>
      <event name="HIM_PATIENT_INFO_REQUEST"/>
      <event name="HIM_TEST_EVENT"/>
      <event name="HL7_EVENT"/>
      <event name="MB_EXPEDITE"/>
      <event name="MB_RESULT_EVENT"/>
      <event name="MB_SCRIPTED_WORKUPS"/>
      <event name="MB_SUSCEPTIBILITY"/>
      <event name="MDI_RESULT_EVENT"/>
      <event name="MEDCHARTACTIVATE"/>
      <event name="MPI_ADT"/>
      <event name="OPENCHART"/>
      <event name="OPEN_CHART_ASYNC"/>
      <event name="ORDERDETAILSET"/>
      <event name="ORDER_EVENT"/>
      <event name="ORDER_PRO_TEST1"/>
      <event name="PATIENT_EVENT"/>
      <event name="PCA_EXPERT_EVENT"/>
      <event name="Person_Transaction"/>
      <event name="PFT_Add_Account"/>
      <event name="PFT_ADJ_WO"/>
      <event name="PFT_CHARGE_EVENT"/>
      <event name="pft_check_amount"/>
      <event name="PFT_VEHICLE"/>
      <event name="PNTFLEXREFRANGE"/>
      <event name="POWERPLANFLEX"/>
      <event name="PROBLEM_EVENT"/>
      <event name="PROFIT_1450_CLAIM_EVENT"/>
      <event name="PROFIT_1500_CLAIM_EVENT"/>
      <event name="PROVIDER_CHG_EVENT"/>
      <event name="PROVIDE_EVENT"/>
      <event name="PWRCHRT_ADD_ORDER"/>
      <event name="RESULT_EVENT"/>
      <event name="RESULT_EVENT_CSM"/>
      <event name="RESULT_EVENT_TEST"/>
      <event name="RXACLAIMSTATUS"/>
      <event name="RXADISPENSESTATUS"/>
      <event name="RXAPRODUCTSELECT"/>
      <event name="RXAWORKQUESTATUS"/>
      <event name="SAASADDTOSCRATCHPAD"/>
      <event name="SAASORDERDETAILSET"/>
      <event name="SAASSIGNORDER"/>
      <event name="SCH_ACTION_EVENT"/>
      <event name="SIGNORDER"/>
      <event name="SN New Pref Card Created"/>
      <event name="SN_CASE_CHECK_IN_EVENT"/>
      <event name="SN_CASE_EVENT"/>
      <event name="SN_CASE_SCHEDULE_EVENT"/>
      <event name="SN_DOCUMENT_OPEN"/>
      <event name="SN_DOCUMENT_STATE"/>
      <event name="SN_FINALIZE_DOC_EVENT"/>
      <event name="SN_PROCEDURE_SCHEDULE"/>
      <event name="SN_SAVE_PROCEDURE"/>
      <event name="SN_TEST_EVENT"/>
      <event name="SOCIAL_HISTORY_ADD"/>
      <event name="SYNCHEVENT"/>
      <event name="TOCFLEX"/>
      <event name="TOUCHOPENCHART"/>
    </events>
    <evokeTemplates>
      <templateDefinitions xsi:type="EM:ExpertTemplate" name="EKS_EXPERT_TRIGGER_E" definition="the Expert trigger is listed in TRIGGER." description="Trigger" eventDependency="//@expertTemplates/@events/@event.8 //@expertTemplates/@events/@event.23 //@expertTemplates/@events/@event.44" reconcilable="true">
        <keywords>EXPERTEVENT</keywords>
        <arguments xsi:type="EM:ReferentialArgument" name="TRIGGER" dataType="CHARACTER" controlType="LISTBOX" validationType="REFERENTIAL" required="true" reconcileScript="N/A">
          <statements dependency="TRIGGER" statement="select trigger_name=&quot;Double click in lower box to enter trigger name(s)&quot; from (dummyt d with seq = 1)"/>
        </arguments>
      </templateDefinitions>
    </evokeTemplates>
    <logicTemplates>
      <templateDefinitions xsi:type="EM:ExpertTemplate" name="EKS_LOGIC_TRUE" definition="LOGIC is true" description="Always true" eventDependency="//@expertTemplates/@events/@event.1 //@expertTemplates/@events/@event.2 //@expertTemplates/@events/@event.3 //@expertTemplates/@events/@event.8 //@expertTemplates/@events/@event.9 //@expertTemplates/@events/@event.10 //@expertTemplates/@events/@event.11 //@expertTemplates/@events/@event.13 //@expertTemplates/@events/@event.16 //@expertTemplates/@events/@event.23 //@expertTemplates/@events/@event.24 //@expertTemplates/@events/@event.36 //@expertTemplates/@events/@event.38 //@expertTemplates/@events/@event.40 //@expertTemplates/@events/@event.41 //@expertTemplates/@events/@event.43 //@expertTemplates/@events/@event.44 //@expertTemplates/@events/@event.51 //@expertTemplates/@events/@event.52 //@expertTemplates/@events/@event.53 //@expertTemplates/@events/@event.57 //@expertTemplates/@events/@event.59 //@expertTemplates/@events/@event.60 //@expertTemplates/@events/@event.62 //@expertTemplates/@events/@event.63 //@expertTemplates/@events/@event.64 //@expertTemplates/@events/@event.65 //@expertTemplates/@events/@event.66 //@expertTemplates/@events/@event.67 //@expertTemplates/@events/@event.68 //@expertTemplates/@events/@event.69 //@expertTemplates/@events/@event.70 //@expertTemplates/@events/@event.81 //@expertTemplates/@events/@event.82 //@expertTemplates/@events/@event.83 //@expertTemplates/@events/@event.84" reconcilable="true" alwaysTrue="true">
        <keywords>UTILITY</keywords>
        <arguments name="LOGIC" dataType="CHARACTER" reconcileScript="N/A">
          <defaultValue xsi:type="EM:StringValue" value="@quot;LOGIC@quot;"/>
        </arguments>
      </templateDefinitions>
      <templateDefinitions xsi:type="EM:ExpertTemplate" name="EKS_CALC_SAVE_L" definition="EXPRESSION" description="Create a value to be used by subsequent templates" eventDependency="//@expertTemplates/@events/@event.1 //@expertTemplates/@events/@event.2 //@expertTemplates/@events/@event.3 //@expertTemplates/@events/@event.5 //@expertTemplates/@events/@event.8 //@expertTemplates/@events/@event.9 //@expertTemplates/@events/@event.10 //@expertTemplates/@events/@event.11 //@expertTemplates/@events/@event.13 //@expertTemplates/@events/@event.16 //@expertTemplates/@events/@event.23 //@expertTemplates/@events/@event.36 //@expertTemplates/@events/@event.38 //@expertTemplates/@events/@event.40 //@expertTemplates/@events/@event.41 //@expertTemplates/@events/@event.43 //@expertTemplates/@events/@event.44 //@expertTemplates/@events/@event.51 //@expertTemplates/@events/@event.52 //@expertTemplates/@events/@event.53 //@expertTemplates/@events/@event.57 //@expertTemplates/@events/@event.59 //@expertTemplates/@events/@event.60 //@expertTemplates/@events/@event.62 //@expertTemplates/@events/@event.63 //@expertTemplates/@events/@event.64 //@expertTemplates/@events/@event.65 //@expertTemplates/@events/@event.66 //@expertTemplates/@events/@event.67 //@expertTemplates/@events/@event.68 //@expertTemplates/@events/@event.70 //@expertTemplates/@events/@event.81 //@expertTemplates/@events/@event.82 //@expertTemplates/@events/@event.83 //@expertTemplates/@events/@event.84" reconcilable="true">
        <keywords>UTILITY, LOG_RETVAL</keywords>
        <arguments name="EXPRESSION" dataType="CHARACTER" controlType="TEXT_MULTI_LINE" required="true" reconcileScript="N/A"/>
      </templateDefinitions>
      <templateDefinitions xsi:type="EM:ExpertTemplate" name="EKS_BUILD_PARAM_L" definition="ACTION a dynamic parameter named PARAMNAME with a value of PARAMVALUE. And OPT_SUBSTITUTION resolve substitution value." description="Create or add to a dynamic parameter to be used by subsequent templates." eventDependency="//@expertTemplates/@events/@event.1 //@expertTemplates/@events/@event.2 //@expertTemplates/@events/@event.3 //@expertTemplates/@events/@event.8 //@expertTemplates/@events/@event.9 //@expertTemplates/@events/@event.10 //@expertTemplates/@events/@event.11 //@expertTemplates/@events/@event.13 //@expertTemplates/@events/@event.16 //@expertTemplates/@events/@event.23 //@expertTemplates/@events/@event.32 //@expertTemplates/@events/@event.34 //@expertTemplates/@events/@event.36 //@expertTemplates/@events/@event.38 //@expertTemplates/@events/@event.40 //@expertTemplates/@events/@event.41 //@expertTemplates/@events/@event.43 //@expertTemplates/@events/@event.44 //@expertTemplates/@events/@event.51 //@expertTemplates/@events/@event.52 //@expertTemplates/@events/@event.53 //@expertTemplates/@events/@event.57 //@expertTemplates/@events/@event.59 //@expertTemplates/@events/@event.60 //@expertTemplates/@events/@event.62 //@expertTemplates/@events/@event.63 //@expertTemplates/@events/@event.64 //@expertTemplates/@events/@event.65 //@expertTemplates/@events/@event.66 //@expertTemplates/@events/@event.67 //@expertTemplates/@events/@event.68 //@expertTemplates/@events/@event.70 //@expertTemplates/@events/@event.81 //@expertTemplates/@events/@event.82 //@expertTemplates/@events/@event.83 //@expertTemplates/@events/@event.84" reconcilable="true" alwaysTrue="true">
        <keywords>UTILITY</keywords>
        <arguments xsi:type="EM:ReferentialArgument" name="ACTION" dataType="CHARACTER" controlType="REFERENTIAL" validationType="READ_ONLY" required="true" reconcileScript="N/A" keyFieldIndex="2">
          <statements dependency="ACTION" statement="select action = if (d.seq =  1) &quot;Create&quot;&#xD;&#xA;         elseif (d.seq =  2) &quot;Append To&quot;&#xD;&#xA;         ENDIF,&#xD;&#xA;         _hidden = if (d.seq =  1) &quot;1&quot;&#xD;&#xA;         elseif (d.seq =  2) &quot;2&quot;&#xD;&#xA;         ENDIF&#xD;&#xA;&#xD;&#xA;FROM (DUMMYT D WITH SEQ = VALUE(2))"/>
        </arguments>
        <arguments name="PARAMNAME" dataType="CHARACTER" required="true" reconcileScript="N/A"/>
        <arguments xsi:type="EM:ReferentialArgument" name="PARAMVALUE" dataType="CHARACTER" controlType="LISTBOX" validationType="READ_ONLY" required="true" reconcileScript="N/A" keyFieldIndex="2">
          <statements dependency="PARAMVALUE" statement="select param_value =&quot;Double click in lower box to enter a freetext value, or right click and paste values that have been copied&quot;, _hidden = &quot; &quot; from (dummyt d with seq = 1)"/>
        </arguments>
        <arguments xsi:type="EM:FixedListArgument" name="OPT_SUBSTITUTION" dataType="CHARACTER" validationType="READ_ONLY" reconcileScript="N/A">
          <defaultValue xsi:type="EM:StringValue" value="do not"/>
          <stringTable>
            <column value="do"/>
            <column value="do"/>
          </stringTable>
          <stringTable>
            <column value="do not"/>
            <column value="do not"/>
          </stringTable>
        </arguments>
      </templateDefinitions>
    </logicTemplates>
    <actionTemplates>
      <templateDefinitions xsi:type="EM:ExpertTemplate" name="EKS_CE_UPDATE_CE_A" definition="Create an updated STATUS, OPT_NORMALCY result of OPT_VALUE1 OPT_RESULT_UNITS (with OPT_NUM_DEC_PLACES decimal places) for the event in template LINK with OPT_COMMENT_TYPE of OPT_COMMENT and RESEND send this event back through Discern Expert" description="Update an existing clinical event" eventDependency="//@expertTemplates/@events/@event.1 //@expertTemplates/@events/@event.2 //@expertTemplates/@events/@event.3 //@expertTemplates/@events/@event.8 //@expertTemplates/@events/@event.9 //@expertTemplates/@events/@event.10 //@expertTemplates/@events/@event.13 //@expertTemplates/@events/@event.16 //@expertTemplates/@events/@event.23 //@expertTemplates/@events/@event.36 //@expertTemplates/@events/@event.38 //@expertTemplates/@events/@event.40 //@expertTemplates/@events/@event.41 //@expertTemplates/@events/@event.43 //@expertTemplates/@events/@event.44 //@expertTemplates/@events/@event.53 //@expertTemplates/@events/@event.57 //@expertTemplates/@events/@event.62 //@expertTemplates/@events/@event.63 //@expertTemplates/@events/@event.64 //@expertTemplates/@events/@event.65 //@expertTemplates/@events/@event.66 //@expertTemplates/@events/@event.67 //@expertTemplates/@events/@event.68 //@expertTemplates/@events/@event.70 //@expertTemplates/@events/@event.81 //@expertTemplates/@events/@event.82 //@expertTemplates/@events/@event.84" optimizable="true" reconcilable="true">
        <keywords>CLINICALEVENT</keywords>
        <arguments xsi:type="EM:ReferentialArgument" name="STATUS" dataType="CHARACTER" controlType="REFERENTIAL" validationType="READ_ONLY" required="true" optimizable="true" reconcileScript="eks_p_codeset_cki_refhelp &quot;8&quot;,&quot;CKI&quot;,&quot;&quot;" keyFieldIndex="2">
          <statements dependency="STATUS" statement="eks_codeset_cki_refhelp &quot;8&quot;,&quot;CKI&quot;,&quot;&quot; go"/>
        </arguments>
        <arguments xsi:type="EM:ReferentialArgument" name="OPT_NORMALCY" dataType="CHARACTER" controlType="REFERENTIAL" validationType="REFERENTIAL" optimizable="true" reconcileScript="eks_p_codeset_cki_refhelp &quot;52&quot;,&quot;CKI&quot;,&quot;&quot;" keyFieldIndex="2">
          <statements dependency="OPT_NORMALCY" statement="eks_codeset_cki_refhelp &quot;52&quot;,&quot;CKI&quot;,&quot;&quot; go"/>
        </arguments>
        <arguments xsi:type="EM:FixedListArgument" name="OPT_VALUE1" dataType="CHARACTER" reconcileScript="N/A">
          <stringTable>
            <column value="@RESULT:"/>
            <column value="Result"/>
          </stringTable>
        </arguments>
        <arguments xsi:type="EM:ReferentialArgument" name="OPT_RESULT_UNITS" dataType="CHARACTER" controlType="REFERENTIAL" validationType="REFERENTIAL" optimizable="true" reconcileScript="eks_p_codeset_cki_refhelp &quot;54&quot;,&quot;CKI&quot;,&quot;&quot;" keyFieldIndex="2">
          <statements dependency="OPT_RESULT_UNITS" statement="eks_codeset_cki_refhelp &quot;54&quot;,&quot;CKI&quot;,&quot;&quot; go"/>
        </arguments>
        <arguments name="OPT_NUM_DEC_PLACES" reconcileScript="N/A"/>
        <arguments name="LINK" dataType="LINK" controlType="TEMPLATE_REFERENCE" required="true" reconcileScript="N/A"/>
        <arguments xsi:type="EM:ReferentialArgument" name="OPT_COMMENT_TYPE" dataType="CHARACTER" controlType="REFERENTIAL" validationType="REFERENTIAL" optimizable="true" reconcileScript="eks_p_codeset_cki_refhelp &quot;14&quot;,&quot;CKI&quot;,&quot;&quot;" keyFieldIndex="2">
          <statements dependency="OPT_COMMENT_TYPE" statement="eks_codeset_cki_refhelp &quot;14&quot;,&quot;CKI&quot;,&quot;&quot; go"/>
        </arguments>
        <arguments name="OPT_COMMENT" dataType="CHARACTER" controlType="TEXT_MULTI_LINE" reconcileScript="N/A"/>
        <arguments xsi:type="EM:FixedListArgument" name="RESEND" dataType="CHARACTER" validationType="READ_ONLY" required="true" reconcileScript="N/A">
          <defaultValue xsi:type="EM:StringValue" value="do not"/>
          <stringTable>
            <column value="do not"/>
            <column value="do not"/>
          </stringTable>
          <stringTable>
            <column value="do"/>
            <column value="CAUTION (see template documentation)"/>
          </stringTable>
        </arguments>
      </templateDefinitions>
    </actionTemplates>
  </expertTemplates>
  <ruleDefinition>
    <evokeSection>
      <evokes evokeEvent="//@expertTemplates/@events/@event.23">
        <logicExpression xsi:type="EM:Antecedent" id="E1" template="EKS_EXPERT_TRIGGER_E">
          <facts argument="TRIGGER">
            <value xsi:type="EM:ListValue">
              <values xsi:type="EM:ListValue">
                <values xsi:type="EM:CustomValue" hideDisplay="true">
                  <customValue xsi:type="EM:StringValue" value=" "/>
                </values>
                <values xsi:type="EM:StringValue" value="COV_EE_RAD_COMPLETE"/>
              </values>
            </value>
          </facts>
        </logicExpression>
      </evokes>
    </evokeSection>
    <logicSection>
      <logicExpression xsi:type="EM:InfixExpression">
        <leftExpression xsi:type="EM:Antecedent" alias="TrueLogic" id="L1" template="EKS_LOGIC_TRUE">
          <facts argument="LOGIC">
            <value xsi:type="EM:StringValue" value="@quot;LOGIC@quot;"/>
          </facts>
        </leftExpression>
        <rightExpression xsi:type="EM:InfixExpression">
          <leftExpression xsi:type="EM:Antecedent" alias="IncomingEvent" id="L2" template="EKS_CALC_SAVE_L">
            <facts argument="EXPRESSION">
              <value xsi:type="EM:StringValue" value="request->qual[event_repeat_index].data[1].double_var"/>
            </facts>
          </leftExpression>
          <rightExpression xsi:type="EM:InfixExpression">
            <leftExpression xsi:type="EM:Antecedent" alias="SetCE" id="L3" template="EKS_CALC_SAVE_L">
              <facts argument="EXPRESSION">
                <value xsi:type="EM:StringValue" value="set eksdata->tqual[3]->qual[3].clinical_event_id = request->qual[event_repeat_index].data[1].double_var go"/>
              </facts>
            </leftExpression>
            <rightExpression xsi:type="EM:Antecedent" id="L4" template="EKS_BUILD_PARAM_L">
              <facts argument="ACTION">
                <value xsi:type="EM:ListValue">
                  <values xsi:type="EM:ListValue">
                    <values xsi:type="EM:CustomValue" hideDisplay="true">
                      <customValue xsi:type="EM:StringValue" value="1"/>
                    </values>
                    <values xsi:type="EM:StringValue" value="Create"/>
                  </values>
                </value>
              </facts>
              <facts argument="PARAMNAME">
                <value xsi:type="EM:StringValue" value="OPT_COMMENT_A1"/>
              </facts>
              <facts argument="PARAMVALUE">
                <value xsi:type="EM:ListValue">
                  <values xsi:type="EM:ListValue">
                    <values xsi:type="EM:CustomValue" hideDisplay="true">
                      <customValue xsi:type="EM:StringValue" value=" "/>
                    </values>
                    <values xsi:type="EM:StringValue" value="&quot;Please see Physician/Surgeon notes for the report&quot;"/>
                  </values>
                </value>
              </facts>
              <facts argument="OPT_SUBSTITUTION">
                <value xsi:type="EM:StringValue" value="do"/>
              </facts>
            </rightExpression>
          </rightExpression>
        </rightExpression>
      </logicExpression>
    </logicSection>
    <actionSection>
      <action xsi:type="EM:ActionExpression">
        <logicExpression xsi:type="EM:Antecedent" id="A1" template="EKS_CE_UPDATE_CE_A">
          <facts argument="STATUS">
            <value xsi:type="EM:ListValue">
              <values xsi:type="EM:ListValue">
                <values xsi:type="EM:CustomValue" hideDisplay="true">
                  <customValue xsi:type="EM:StringValue" value="CDF8:AUTH"/>
                </values>
                <values xsi:type="EM:StringValue" value="Auth (Verified)"/>
              </values>
            </value>
          </facts>
          <facts argument="OPT_NORMALCY">
            <value xsi:type="EM:StringValue"/>
          </facts>
          <facts argument="OPT_VALUE1">
            <value xsi:type="EM:StringValue"/>
          </facts>
          <facts argument="OPT_RESULT_UNITS">
            <value xsi:type="EM:StringValue"/>
          </facts>
          <facts argument="OPT_NUM_DEC_PLACES"/>
          <facts argument="LINK">
            <value xsi:type="EM:AntecedentReference" antecedent="//@ruleDefinition/@logicSection/@logicExpression/@rightExpression/@rightExpression/@leftExpression"/>
          </facts>
          <facts argument="OPT_COMMENT_TYPE">
            <value xsi:type="EM:ListValue">
              <values xsi:type="EM:ListValue">
                <values xsi:type="EM:CustomValue" hideDisplay="true">
                  <customValue xsi:type="EM:StringValue" value="CKI.CODEVALUE!4918"/>
                </values>
                <values xsi:type="EM:StringValue" value="Result Comment"/>
              </values>
            </value>
          </facts>
          <facts argument="OPT_COMMENT">
            <value xsi:type="EM:StringValue"/>
          </facts>
          <facts argument="RESEND">
            <value xsi:type="EM:StringValue" value="do not"/>
          </facts>
        </logicExpression>
      </action>
    </actionSection>
  </ruleDefinition>
</EM:ExpertModule>
