<?xml version="1.0" encoding="ASCII"?>
<EM:ExpertModule xmi:version="2.0" xmlns:xmi="http://www.omg.org/XMI" xmlns:xsi="http://www.w3.org/2001/XMLSchema-instance" xmlns:EM="http:///com.cerner.expert/expertmodule/1.0.0" moduleName="WH_LBR_INDUC_LESS_39WKS_1">
  <information>
    <runtimeInformation versionString="001.014" externalFileName="WH_LBR_INDUC_LESS_39WKS_1" lastUpdated="2022-11-14T09:59:34.000-0600" validtionType="EXPIRED" title="WH_LBR_INDUC_LESS_39WKS_1" reconcileFlag="1" reconcileDate="2022-11-14T09:59:34.000-0600">
      <duration start="2004-03-01T00:00:00.000-0600" end="2018-07-24T23:59:59.000-0500"/>
      <updateUser userName="CUMMINGS, CHAD"/>
    </runtimeInformation>
    <documentation author="Discern Expert" institution="" specialist=""/>
  </information>
  <expertTemplates>
    <events>
      <event name=""/>
      <event name="ADDPROBLEM"/>
      <event name="ADDTOSCRATCHPAD"/>
      <event name="ALLERGY_EVENT"/>
      <event name="AP_ORDER_EVENT"/>
      <event name="BB_RESULT_EVENT"/>
      <event name="CBTFLEXORDERS"/>
      <event name="CHART_SERVER_EVENT"/>
      <event name="CLINICALTRIALSCREEN"/>
      <event name="CLINICAL_EVENT"/>
      <event name="CLOSECHART"/>
      <event name="COLLECTION_EVENT"/>
      <event name="DCP_CN_TASK_UPD"/>
      <event name="DCP_MODTASK_EVENT"/>
      <event name="DCP_PW_COND"/>
      <event name="DCP_PW_OUTCOME_EVENT"/>
      <event name="DIAGNOSIS_EVENT"/>
      <event name="EKS_FORMAT"/>
      <event name="EKS_SYNC_TEST01"/>
      <event name="EKS_TEST_02"/>
      <event name="EKS_TEST_EVENT"/>
      <event name="EKS_TEST_EVENT01"/>
      <event name="ENSURE_EVENT"/>
      <event name="EXPERT_EVENT"/>
      <event name="HEALTHE_EVENT"/>
      <event name="HEALTH_MAINT_QUAL_EVENT"/>
      <event name="HIM_ADD_REQUEST"/>
      <event name="HIM_ADMIT_EVENT"/>
      <event name="HIM_PATIENT_INFO_REQUEST"/>
      <event name="HIM_TEST_EVENT"/>
      <event name="HL7_EVENT"/>
      <event name="MB_EXPEDITE"/>
      <event name="MB_RESULT_EVENT"/>
      <event name="MB_SCRIPTED_WORKUPS"/>
      <event name="MB_SUSCEPTIBILITY"/>
      <event name="MDI_RESULT_EVENT"/>
      <event name="MEDCHARTACTIVATE"/>
      <event name="MPI_ADT"/>
      <event name="OPENCHART"/>
      <event name="ORDERDETAILSET"/>
      <event name="ORDER_EVENT"/>
      <event name="ORDER_PRO_TEST1"/>
      <event name="PATIENT_EVENT"/>
      <event name="PCA_EXPERT_EVENT"/>
      <event name="Person_Transaction"/>
      <event name="PFT_Add_Account"/>
      <event name="PFT_ADJ_WO"/>
      <event name="PFT_CHARGE_EVENT"/>
      <event name="pft_check_amount"/>
      <event name="PFT_VEHICLE"/>
      <event name="PNTFLEXREFRANGE"/>
      <event name="POWERPLANFLEX"/>
      <event name="PROBLEM_EVENT"/>
      <event name="PROFIT_1450_CLAIM_EVENT"/>
      <event name="PROFIT_1500_CLAIM_EVENT"/>
      <event name="PROVIDER_CHG_EVENT"/>
      <event name="PROVIDE_EVENT"/>
      <event name="PWRCHRT_ADD_ORDER"/>
      <event name="RESULT_EVENT"/>
      <event name="RESULT_EVENT_CSM"/>
      <event name="RESULT_EVENT_TEST"/>
      <event name="RXACLAIMSTATUS"/>
      <event name="RXADISPENSESTATUS"/>
      <event name="RXAPRODUCTSELECT"/>
      <event name="RXAWORKQUESTATUS"/>
      <event name="SAASADDTOSCRATCHPAD"/>
      <event name="SAASORDERDETAILSET"/>
      <event name="SAASSIGNORDER"/>
      <event name="SCH_ACTION_EVENT"/>
      <event name="SIGNORDER"/>
      <event name="SN New Pref Card Created"/>
      <event name="SN_CASE_CHECK_IN_EVENT"/>
      <event name="SN_CASE_EVENT"/>
      <event name="SN_CASE_SCHEDULE_EVENT"/>
      <event name="SN_DOCUMENT_OPEN"/>
      <event name="SN_DOCUMENT_STATE"/>
      <event name="SN_FINALIZE_DOC_EVENT"/>
      <event name="SN_PROCEDURE_SCHEDULE"/>
      <event name="SN_SAVE_PROCEDURE"/>
      <event name="SN_TEST_EVENT"/>
      <event name="SOCIAL_HISTORY_ADD"/>
      <event name="SYNCHEVENT"/>
      <event name="TOCFLEX"/>
      <event name="TOUCHOPENCHART"/>
    </events>
    <evokeTemplates>
      <templateDefinitions xsi:type="EM:ExpertTemplate" name="EKS_ORDER_DETAIL_E" definition="orders exist ORD_METHOD OPT_ORDERS where order detail ORDER_DETAIL QUALIFIER LIST1 and OPT_LIST2" description="Orderable, attributes" eventDependency="//@expertTemplates/@events/@event.2 //@expertTemplates/@events/@event.36 //@expertTemplates/@events/@event.39 //@expertTemplates/@events/@event.61 //@expertTemplates/@events/@event.62 //@expertTemplates/@events/@event.63 //@expertTemplates/@events/@event.64 //@expertTemplates/@events/@event.65 //@expertTemplates/@events/@event.66 //@expertTemplates/@events/@event.67 //@expertTemplates/@events/@event.69 //@expertTemplates/@events/@event.81" optimizable="true" reconcilable="true">
        <keywords>ORDER</keywords>
        <arguments xsi:type="EM:ReferentialArgument" name="ORD_METHOD" dataType="CHARACTER" controlType="REFERENTIAL" validationType="READ_ONLY" required="true" reconcileScript="N/A">
          <statements dependency="ORD_METHOD" statement="execute eks_t_db_ref_help &quot;HELPNEWORDMETHOD^&quot; go"/>
        </arguments>
        <arguments xsi:type="EM:ReferentialArgument" name="OPT_ORDERS" dataType="CHARACTER" controlType="LISTBOX" validationType="READ_ONLY" dependency="ORD_METHOD" optimizable="true" reconcileScript="eks_p_ord_method_orders" keyFieldIndex="2">
          <statements dependency="OPT_ORDERS" statement="execute EKS_T_DB_REF_HELP ConCat(&quot;HELPCATALOGTYPE^&quot;, PAR1) go"/>
          <statements dependency="OPT_ORDERS" statement="execute EKS_T_DB_REF_HELP ConCat(&quot;HELPORDALPHA^&quot;, PAR1) go"/>
          <statements dependency="OPT_ORDERS" statement="execute EKS_T_DB_REF_HELP ConCat(&quot;HELPORDERS^&quot;, PAR1) go&#xD;&#xA;"/>
        </arguments>
        <arguments xsi:type="EM:ReferentialArgument" name="ORDER_DETAIL" dataType="CHARACTER" controlType="REFERENTIAL" validationType="READ_ONLY" required="true" reconcileScript="eks_p_order_detail 1" keyFieldIndex="2">
          <statements dependency="ORDER_DETAIL" statement="execute EKS_T_DB_REF_HELP &quot;HELPDETAILSSELDB_PROVIDE^USEREQUEST&quot; go"/>
          <statements dependency="ORDER_DETAIL" statement="execute EKS_T_DB_REF_HELP ConCat(&quot;HELPDETAILS_PROVIDE^1^&quot;, PAR1) go"/>
        </arguments>
        <arguments xsi:type="EM:ReferentialArgument" name="QUALIFIER" dataType="CHARACTER" controlType="REFERENTIAL" validationType="READ_ONLY" required="true" dependency="ORDER_DETAIL" reconcileScript="eks_p_qualifier &quot;1&quot;" keyFieldIndex="2">
          <statements dependency="QUALIFIER" statement="execute EKS_T_DB_REF_HELP ConCat(&quot;HELPQUALIFIERS_PROVIDE^&quot;, PAR1)  go"/>
        </arguments>
        <arguments xsi:type="EM:ReferentialArgument" name="LIST1" dataType="CHARACTER" controlType="LISTBOX" validationType="READ_ONLY" dependency="ORDER_DETAIL" optimizable="true" reconcileScript="eks_p_list" keyFieldIndex="2">
          <statements dependency="LIST1" statement="execute EKS_T_DB_REF_HELP ConCat(&quot;HELPORDDETLIST1^&quot;, PAR1) go"/>
          <statements dependency="LIST1" statement="execute EKS_T_DB_REF_HELP ConCat(&quot;HELPORDDETLIST3^&quot;, PAR1) go"/>
        </arguments>
        <arguments xsi:type="EM:ReferentialArgument" name="OPT_LIST2" dataType="CHARACTER" controlType="LISTBOX" validationType="READ_ONLY" dependency="ORDER_DETAIL" optimizable="true" reconcileScript="eks_p_list" keyFieldIndex="2">
          <statements dependency="OPT_LIST2" statement="execute EKS_T_DB_REF_HELP ConCat(&quot;HELPORDDETLIST1^&quot;, PAR1) go"/>
          <statements dependency="OPT_LIST2" statement="execute EKS_T_DB_REF_HELP ConCat(&quot;HELPORDDETLIST3^&quot;, PAR1) go"/>
        </arguments>
      </templateDefinitions>
    </evokeTemplates>
    <logicTemplates>
      <templateDefinitions xsi:type="EM:ExpertTemplate" name="EKS_STOP_LOGIC_L" definition="the following templates are false, MODE logic evaluation" description="Used to control efficiency of Action Group rules" eventDependency="//@expertTemplates/@events/@event.1 //@expertTemplates/@events/@event.2 //@expertTemplates/@events/@event.3 //@expertTemplates/@events/@event.5 //@expertTemplates/@events/@event.8 //@expertTemplates/@events/@event.9 //@expertTemplates/@events/@event.10 //@expertTemplates/@events/@event.11 //@expertTemplates/@events/@event.13 //@expertTemplates/@events/@event.16 //@expertTemplates/@events/@event.23 //@expertTemplates/@events/@event.32 //@expertTemplates/@events/@event.36 //@expertTemplates/@events/@event.38 //@expertTemplates/@events/@event.39 //@expertTemplates/@events/@event.40 //@expertTemplates/@events/@event.42 //@expertTemplates/@events/@event.43 //@expertTemplates/@events/@event.50 //@expertTemplates/@events/@event.51 //@expertTemplates/@events/@event.52 //@expertTemplates/@events/@event.56 //@expertTemplates/@events/@event.58 //@expertTemplates/@events/@event.59 //@expertTemplates/@events/@event.61 //@expertTemplates/@events/@event.62 //@expertTemplates/@events/@event.63 //@expertTemplates/@events/@event.64 //@expertTemplates/@events/@event.65 //@expertTemplates/@events/@event.66 //@expertTemplates/@events/@event.67 //@expertTemplates/@events/@event.69 //@expertTemplates/@events/@event.80 //@expertTemplates/@events/@event.81 //@expertTemplates/@events/@event.82 //@expertTemplates/@events/@event.83" reconcilable="true" alwaysTrue="true">
        <keywords>UTILITY</keywords>
        <arguments xsi:type="EM:FixedListArgument" name="MODE" dataType="CHARACTER" validationType="READ_ONLY" reconcileScript="N/A">
          <defaultValue xsi:type="EM:StringValue" value="STOP"/>
          <stringTable>
            <column value="STOP"/>
            <column value=" "/>
          </stringTable>
          <stringTable>
            <column value="CONTINUE"/>
            <column value=" "/>
          </stringTable>
        </arguments>
      </templateDefinitions>
      <templateDefinitions xsi:type="EM:ExpertTemplate" name="EKS_LOGIC_TRUE" definition="LOGIC is true" description="Always true" eventDependency="//@expertTemplates/@events/@event.1 //@expertTemplates/@events/@event.2 //@expertTemplates/@events/@event.3 //@expertTemplates/@events/@event.8 //@expertTemplates/@events/@event.9 //@expertTemplates/@events/@event.10 //@expertTemplates/@events/@event.11 //@expertTemplates/@events/@event.13 //@expertTemplates/@events/@event.16 //@expertTemplates/@events/@event.23 //@expertTemplates/@events/@event.24 //@expertTemplates/@events/@event.36 //@expertTemplates/@events/@event.38 //@expertTemplates/@events/@event.39 //@expertTemplates/@events/@event.40 //@expertTemplates/@events/@event.42 //@expertTemplates/@events/@event.43 //@expertTemplates/@events/@event.50 //@expertTemplates/@events/@event.51 //@expertTemplates/@events/@event.52 //@expertTemplates/@events/@event.56 //@expertTemplates/@events/@event.58 //@expertTemplates/@events/@event.59 //@expertTemplates/@events/@event.61 //@expertTemplates/@events/@event.62 //@expertTemplates/@events/@event.63 //@expertTemplates/@events/@event.64 //@expertTemplates/@events/@event.65 //@expertTemplates/@events/@event.66 //@expertTemplates/@events/@event.67 //@expertTemplates/@events/@event.68 //@expertTemplates/@events/@event.69 //@expertTemplates/@events/@event.80 //@expertTemplates/@events/@event.81 //@expertTemplates/@events/@event.82 //@expertTemplates/@events/@event.83" reconcilable="true" alwaysTrue="true">
        <keywords>UTILITY</keywords>
        <arguments name="LOGIC" dataType="CHARACTER" reconcileScript="N/A">
          <defaultValue xsi:type="EM:StringValue" value="@quot;LOGIC@quot;"/>
        </arguments>
      </templateDefinitions>
      <templateDefinitions xsi:type="EM:ExpertTemplate" name="EKS_AGE_EVAL_L" definition="Person's age is EVALUATION AGE1 UNIT1 and OPT_AGE2 OPT_UNIT2 using person from OPT_LINK" description="Age" eventDependency="//@expertTemplates/@events/@event.1 //@expertTemplates/@events/@event.2 //@expertTemplates/@events/@event.3 //@expertTemplates/@events/@event.5 //@expertTemplates/@events/@event.9 //@expertTemplates/@events/@event.10 //@expertTemplates/@events/@event.11 //@expertTemplates/@events/@event.13 //@expertTemplates/@events/@event.16 //@expertTemplates/@events/@event.23 //@expertTemplates/@events/@event.32 //@expertTemplates/@events/@event.34 //@expertTemplates/@events/@event.36 //@expertTemplates/@events/@event.38 //@expertTemplates/@events/@event.39 //@expertTemplates/@events/@event.40 //@expertTemplates/@events/@event.42 //@expertTemplates/@events/@event.43 //@expertTemplates/@events/@event.50 //@expertTemplates/@events/@event.51 //@expertTemplates/@events/@event.52 //@expertTemplates/@events/@event.56 //@expertTemplates/@events/@event.58 //@expertTemplates/@events/@event.59 //@expertTemplates/@events/@event.61 //@expertTemplates/@events/@event.62 //@expertTemplates/@events/@event.63 //@expertTemplates/@events/@event.64 //@expertTemplates/@events/@event.65 //@expertTemplates/@events/@event.66 //@expertTemplates/@events/@event.67 //@expertTemplates/@events/@event.69 //@expertTemplates/@events/@event.80 //@expertTemplates/@events/@event.81 //@expertTemplates/@events/@event.82 //@expertTemplates/@events/@event.83" reconcilable="true">
        <keywords>PERSON</keywords>
        <arguments xsi:type="EM:FixedListArgument" name="EVALUATION" dataType="CHARACTER" validationType="READ_ONLY" required="true" reconcileScript="N/A">
          <stringTable>
            <column value="greater than"/>
            <column value="greater than"/>
          </stringTable>
          <stringTable>
            <column value="less than"/>
            <column value="less than"/>
          </stringTable>
          <stringTable>
            <column value="between"/>
            <column value="between"/>
          </stringTable>
          <stringTable>
            <column value="outside"/>
            <column value="outside"/>
          </stringTable>
        </arguments>
        <arguments name="AGE1" required="true" reconcileScript="N/A"/>
        <arguments xsi:type="EM:FixedListArgument" name="UNIT1" dataType="CHARACTER" validationType="READ_ONLY" required="true" reconcileScript="N/A">
          <stringTable>
            <column value="minutes"/>
            <column value="minutes"/>
          </stringTable>
          <stringTable>
            <column value="hours"/>
            <column value="hours"/>
          </stringTable>
          <stringTable>
            <column value="days"/>
            <column value="days"/>
          </stringTable>
          <stringTable>
            <column value="weeks"/>
            <column value="weeks"/>
          </stringTable>
          <stringTable>
            <column value="months"/>
            <column value="months"/>
          </stringTable>
          <stringTable>
            <column value="years"/>
            <column value="years"/>
          </stringTable>
        </arguments>
        <arguments name="OPT_AGE2" reconcileScript="N/A"/>
        <arguments xsi:type="EM:FixedListArgument" name="OPT_UNIT2" dataType="CHARACTER" validationType="READ_ONLY" reconcileScript="N/A">
          <stringTable>
            <column value="minutes"/>
            <column value="minutes"/>
          </stringTable>
          <stringTable>
            <column value="hours"/>
            <column value="hours"/>
          </stringTable>
          <stringTable>
            <column value="days"/>
            <column value="days"/>
          </stringTable>
          <stringTable>
            <column value="weeks"/>
            <column value="weeks"/>
          </stringTable>
          <stringTable>
            <column value="months"/>
            <column value="months"/>
          </stringTable>
          <stringTable>
            <column value="years"/>
            <column value="years"/>
          </stringTable>
        </arguments>
        <arguments name="OPT_LINK" dataType="LINK" controlType="TEMPLATE_REFERENCE" reconcileScript="N/A"/>
      </templateDefinitions>
      <templateDefinitions xsi:type="EM:ExpertTemplate" name="EKS_PT_DEMOGRAPHIC_L" definition="patient's DEMOGRAPHIC is in OPT_CODED_VALUES or city/zip code is OPT_TEXT_VALUE" description="Demographics" eventDependency="//@expertTemplates/@events/@event.1 //@expertTemplates/@events/@event.2 //@expertTemplates/@events/@event.3 //@expertTemplates/@events/@event.8 //@expertTemplates/@events/@event.9 //@expertTemplates/@events/@event.10 //@expertTemplates/@events/@event.11 //@expertTemplates/@events/@event.13 //@expertTemplates/@events/@event.16 //@expertTemplates/@events/@event.23 //@expertTemplates/@events/@event.25 //@expertTemplates/@events/@event.34 //@expertTemplates/@events/@event.36 //@expertTemplates/@events/@event.38 //@expertTemplates/@events/@event.39 //@expertTemplates/@events/@event.40 //@expertTemplates/@events/@event.42 //@expertTemplates/@events/@event.43 //@expertTemplates/@events/@event.50 //@expertTemplates/@events/@event.51 //@expertTemplates/@events/@event.52 //@expertTemplates/@events/@event.56 //@expertTemplates/@events/@event.58 //@expertTemplates/@events/@event.61 //@expertTemplates/@events/@event.62 //@expertTemplates/@events/@event.63 //@expertTemplates/@events/@event.64 //@expertTemplates/@events/@event.65 //@expertTemplates/@events/@event.66 //@expertTemplates/@events/@event.67 //@expertTemplates/@events/@event.69 //@expertTemplates/@events/@event.80 //@expertTemplates/@events/@event.81 //@expertTemplates/@events/@event.82 //@expertTemplates/@events/@event.83" reconcilable="true">
        <keywords>PERSON</keywords>
        <arguments xsi:type="EM:FixedListArgument" name="DEMOGRAPHIC" dataType="CHARACTER" validationType="READ_ONLY" required="true" reconcileScript="N/A">
          <stringTable>
            <column value="BIRTH SEX"/>
            <column value="Birth sex code (Code set 56)"/>
          </stringTable>
          <stringTable>
            <column value="BUSINESS CITY"/>
            <column value="City business mailing address (Free Text)"/>
          </stringTable>
          <stringTable>
            <column value="BUSINESS COUNTRY"/>
            <column value="Country business mailing address (Code set 15)"/>
          </stringTable>
          <stringTable>
            <column value="BUSINESS COUNTY"/>
            <column value="County of business mailing address (Code set 74)"/>
          </stringTable>
          <stringTable>
            <column value="BUSINESS STATE"/>
            <column value="State business mailing address (code set 62)"/>
          </stringTable>
          <stringTable>
            <column value="BUSINESS ZIP"/>
            <column value="ZIP business mail address (Free Text)"/>
          </stringTable>
          <stringTable>
            <column value="CITIZENSHIP"/>
            <column value="Citizenship code (Code set 14650)"/>
          </stringTable>
          <stringTable>
            <column value="CONTRIBUTOR SYSTEM"/>
            <column value="Contributor system code (Code set 89)"/>
          </stringTable>
          <stringTable>
            <column value="ETHNIC GROUP"/>
            <column value="Ethnic group code (Code set 27)"/>
          </stringTable>
          <stringTable>
            <column value="GENDER"/>
            <column value="Level gender code (Code set 57)"/>
          </stringTable>
          <stringTable>
            <column value="LANGUAGE"/>
            <column value="Language code (Code set 36)"/>
          </stringTable>
          <stringTable>
            <column value="MARITAL STATUS"/>
            <column value="Marital status code (Code set 38)"/>
          </stringTable>
          <stringTable>
            <column value="NATIONALITY"/>
            <column value="Nationality code (Code set 14652)"/>
          </stringTable>
          <stringTable>
            <column value="RACE"/>
            <column value="Race code (Code set 282)"/>
          </stringTable>
          <stringTable>
            <column value="RELIGION"/>
            <column value="Religion code (Code set 49)"/>
          </stringTable>
          <stringTable>
            <column value="RESIDENCE CITY"/>
            <column value="City residence mailing address (Free Text)"/>
          </stringTable>
          <stringTable>
            <column value="RESIDENCE COUNTRY"/>
            <column value="Country residence mailing address (Code set 15)"/>
          </stringTable>
          <stringTable>
            <column value="RESIDENCE COUNTY"/>
            <column value="County residence mailing address (Code set 74)"/>
          </stringTable>
          <stringTable>
            <column value="RESIDENCE STATE"/>
            <column value="State residence mailing address (Code set 62)"/>
          </stringTable>
          <stringTable>
            <column value="RESIDENCE ZIP"/>
            <column value="ZIP residence mailing address (Free Text)"/>
          </stringTable>
          <stringTable>
            <column value="SPECIES"/>
            <column value="Species code (Code set 226)"/>
          </stringTable>
          <stringTable>
            <column value="VIP CODE"/>
            <column value="Level VIP code (Code set 67)"/>
          </stringTable>
        </arguments>
        <arguments xsi:type="EM:ReferentialArgument" name="OPT_CODED_VALUES" dataType="CHARACTER" controlType="LISTBOX" validationType="READ_ONLY" dependency="DEMOGRAPHIC" reconcileScript="eks_p_ptDemoDetail" keyFieldIndex="2">
          <statements dependency="OPT_CODED_VALUES" statement="EXECUTE EKS_PT_DEMOGRAPHIC_REFHELP  PAR1  GO&#xD;&#xA;&#xD;&#xA;"/>
        </arguments>
        <arguments xsi:type="EM:ReferentialArgument" name="OPT_TEXT_VALUE" dataType="CHARACTER" controlType="LISTBOX" validationType="READ_ONLY" reconcileScript="N/A">
          <statements dependency="OPT_TEXT_VALUE" statement="select  FreeText = FillString(40, &quot; &quot;)&#xD;&#xA;from (dummyt d with seq = 1)&#xD;&#xA;"/>
        </arguments>
      </templateDefinitions>
      <templateDefinitions xsi:type="EM:ExpertTemplate" name="EKS_PROBLEMS_FIND_L" definition="OPT_PROBLEMS exist with OPT_QUALIFIER, OPT_CONFIRMATION, OPT_CLASSIFICATION, OPT_LIFE_CYCLE_STATUS, OPT_SEVERITY_CLASS, OPT_SEVERITY, OPT_COURSE for person LINK. Optionally narrow problem matching by limiting cross-mapping to OPT_CROSS_VOCABS vocabularies OPT_PERSON_ACTIVITY concepts on patient&#xbf;s profile and/or OPT_VOCAB_HIERARCHY hierarchy or ignoring concepts altogether OPT_IGNORE_CONCEPTS. Find all matches OPT_MATCH_ALL." description="Problem, attributes" eventDependency="//@expertTemplates/@events/@event.2 //@expertTemplates/@events/@event.3 //@expertTemplates/@events/@event.8 //@expertTemplates/@events/@event.9 //@expertTemplates/@events/@event.10 //@expertTemplates/@events/@event.11 //@expertTemplates/@events/@event.13 //@expertTemplates/@events/@event.16 //@expertTemplates/@events/@event.17 //@expertTemplates/@events/@event.22 //@expertTemplates/@events/@event.23 //@expertTemplates/@events/@event.36 //@expertTemplates/@events/@event.38 //@expertTemplates/@events/@event.39 //@expertTemplates/@events/@event.40 //@expertTemplates/@events/@event.42 //@expertTemplates/@events/@event.43 //@expertTemplates/@events/@event.50 //@expertTemplates/@events/@event.51 //@expertTemplates/@events/@event.52 //@expertTemplates/@events/@event.56 //@expertTemplates/@events/@event.58 //@expertTemplates/@events/@event.61 //@expertTemplates/@events/@event.62 //@expertTemplates/@events/@event.63 //@expertTemplates/@events/@event.64 //@expertTemplates/@events/@event.65 //@expertTemplates/@events/@event.66 //@expertTemplates/@events/@event.67 //@expertTemplates/@events/@event.69 //@expertTemplates/@events/@event.80 //@expertTemplates/@events/@event.81 //@expertTemplates/@events/@event.82 //@expertTemplates/@events/@event.83" optimizable="true" reconcilable="true">
        <keywords>PERSON</keywords>
        <arguments xsi:type="EM:ReferentialArgument" name="OPT_PROBLEMS" dataType="CHARACTER" controlType="NOMENCLATURE" reconcileScript="eks_p_nomen_recon 13" keyFieldIndex="2"/>
        <arguments xsi:type="EM:ReferentialArgument" name="OPT_QUALIFIER" dataType="CHARACTER" controlType="LISTBOX" validationType="READ_ONLY" optimizable="true" reconcileScript="eks_p_codeset_cki_refhelp &quot;29740&quot;,&quot;CDF&quot;,&quot;&quot;" keyFieldIndex="2">
          <statements dependency="OPT_QUALIFIER" statement="eks_codeset_cki_refhelp &quot;29740&quot;,&quot;CDF&quot;,&quot;&quot; go"/>
        </arguments>
        <arguments xsi:type="EM:ReferentialArgument" name="OPT_CONFIRMATION" dataType="CHARACTER" controlType="LISTBOX" validationType="READ_ONLY" optimizable="true" reconcileScript="eks_p_codeset_cki_refhelp &quot;12031&quot;,&quot;CDF&quot;,&quot;&quot;" keyFieldIndex="2">
          <statements dependency="OPT_CONFIRMATION" statement="eks_codeset_cki_refhelp &quot;12031&quot;,&quot;CDF&quot;,&quot;&quot; go"/>
        </arguments>
        <arguments xsi:type="EM:ReferentialArgument" name="OPT_CLASSIFICATION" dataType="CHARACTER" controlType="LISTBOX" validationType="READ_ONLY" optimizable="true" reconcileScript="eks_p_codeset_cki_refhelp &quot;12033&quot;,&quot;CDF&quot;,&quot;&quot;" keyFieldIndex="2">
          <statements dependency="OPT_CLASSIFICATION" statement="eks_codeset_cki_refhelp &quot;12033&quot;,&quot;CDF&quot;,&quot;&quot; go"/>
        </arguments>
        <arguments xsi:type="EM:ReferentialArgument" name="OPT_LIFE_CYCLE_STATUS" dataType="CHARACTER" controlType="LISTBOX" validationType="READ_ONLY" optimizable="true" reconcileScript="eks_p_codeset_cki_refhelp &quot;12030&quot;,&quot;CDF&quot;,&quot;&quot;" keyFieldIndex="2">
          <statements dependency="OPT_LIFE_CYCLE_STATUS" statement="eks_codeset_cki_refhelp &quot;12030&quot;,&quot;CDF&quot;,&quot;&quot; go"/>
        </arguments>
        <arguments xsi:type="EM:ReferentialArgument" name="OPT_SEVERITY_CLASS" dataType="CHARACTER" controlType="LISTBOX" validationType="READ_ONLY" optimizable="true" reconcileScript="eks_p_codeset_cki_refhelp &quot;29743&quot;,&quot;CDF&quot;,&quot;&quot;" keyFieldIndex="2">
          <statements dependency="OPT_SEVERITY_CLASS" statement="eks_codeset_cki_refhelp &quot;29743&quot;,&quot;CDF&quot;,&quot;&quot; go"/>
        </arguments>
        <arguments xsi:type="EM:ReferentialArgument" name="OPT_SEVERITY" dataType="CHARACTER" controlType="LISTBOX" validationType="READ_ONLY" optimizable="true" reconcileScript="eks_p_codeset_cki_refhelp &quot;12022&quot;,&quot;CDF&quot;,&quot;&quot;" keyFieldIndex="2">
          <statements dependency="OPT_SEVERITY" statement="eks_codeset_cki_refhelp &quot;12022&quot;,&quot;CDF&quot;,&quot;&quot; go"/>
        </arguments>
        <arguments xsi:type="EM:ReferentialArgument" name="OPT_COURSE" dataType="CHARACTER" controlType="LISTBOX" validationType="READ_ONLY" optimizable="true" reconcileScript="eks_p_codeset_cki_refhelp &quot;12039&quot;,&quot;CDF&quot;,&quot;&quot;" keyFieldIndex="2">
          <statements dependency="OPT_COURSE" statement="eks_codeset_cki_refhelp &quot;12039&quot;,&quot;CDF&quot;,&quot;&quot; go"/>
        </arguments>
        <arguments name="LINK" dataType="LINK" controlType="TEMPLATE_REFERENCE" required="true" reconcileScript="N/A"/>
        <arguments xsi:type="EM:ReferentialArgument" name="OPT_CROSS_VOCABS" dataType="CHARACTER" controlType="LISTBOX" validationType="READ_ONLY" optimizable="true" reconcileScript="eks_p_codeset_cki_refhelp &quot;400&quot;,&quot;CKI&quot;,&quot;*ALL,*NONE&quot;" keyFieldIndex="2">
          <statements dependency="OPT_CROSS_VOCABS" statement="eks_codeset_cki_refhelp &quot;400&quot;,&quot;CKI&quot;,&quot;*ALL,*NONE&quot; go"/>
        </arguments>
        <arguments xsi:type="EM:FixedListArgument" name="OPT_PERSON_ACTIVITY" dataType="CHARACTER" validationType="READ_ONLY" reconcileScript="N/A">
          <defaultValue xsi:type="EM:StringValue" value="Including"/>
          <stringTable>
            <column value="Including"/>
            <column value="Including cross map patient activity data"/>
          </stringTable>
          <stringTable>
            <column value="Excluding"/>
            <column value="Excluding cross map patient activity data"/>
          </stringTable>
        </arguments>
        <arguments xsi:type="EM:FixedListArgument" name="OPT_VOCAB_HIERARCHY" dataType="CHARACTER" validationType="READ_ONLY" reconcileScript="N/A">
          <defaultValue xsi:type="EM:StringValue" value="Include"/>
          <stringTable>
            <column value="Include"/>
            <column value="Include Hierarchy "/>
          </stringTable>
          <stringTable>
            <column value="Exclude"/>
            <column value="Exclude Hierarchy"/>
          </stringTable>
        </arguments>
        <arguments xsi:type="EM:FixedListArgument" name="OPT_IGNORE_CONCEPTS" dataType="CHARACTER" validationType="READ_ONLY" reconcileScript="N/A">
          <defaultValue xsi:type="EM:StringValue" value="NO"/>
          <stringTable>
            <column value="YES"/>
            <column value="ignore mapping Concept_CKI"/>
          </stringTable>
          <stringTable>
            <column value="NO"/>
            <column value="mapping Concept_CKI"/>
          </stringTable>
        </arguments>
        <arguments xsi:type="EM:FixedListArgument" name="OPT_MATCH_ALL" dataType="CHARACTER" validationType="READ_ONLY" reconcileScript="N/A">
          <defaultValue xsi:type="EM:StringValue" value="YES"/>
          <stringTable>
            <column value="YES"/>
            <column value="find ALL matched problem(s)"/>
          </stringTable>
          <stringTable>
            <column value="NO"/>
            <column value="find ONE matched problem"/>
          </stringTable>
        </arguments>
      </templateDefinitions>
      <templateDefinitions xsi:type="EM:ExpertTemplate" name="EKS_ORDER_INCOMING_DETAIL_L" definition="orders exist ORD_METHOD OPT_ORDERS where order detail ORDER_DETAIL QUALIFIER LIST1 and OPT_LIST2" description="Incoming orderable, attributes" eventDependency="//@expertTemplates/@events/@event.2 //@expertTemplates/@events/@event.36 //@expertTemplates/@events/@event.39 //@expertTemplates/@events/@event.61 //@expertTemplates/@events/@event.62 //@expertTemplates/@events/@event.63 //@expertTemplates/@events/@event.64 //@expertTemplates/@events/@event.65 //@expertTemplates/@events/@event.66 //@expertTemplates/@events/@event.67 //@expertTemplates/@events/@event.69 //@expertTemplates/@events/@event.81" optimizable="true" reconcilable="true">
        <keywords>ORDER</keywords>
        <arguments xsi:type="EM:ReferentialArgument" name="ORD_METHOD" dataType="CHARACTER" controlType="REFERENTIAL" validationType="READ_ONLY" required="true" reconcileScript="N/A">
          <statements dependency="ORD_METHOD" statement="execute eks_t_db_ref_help &quot;HELPNEWORDMETHOD^&quot; go"/>
        </arguments>
        <arguments xsi:type="EM:ReferentialArgument" name="OPT_ORDERS" dataType="CHARACTER" controlType="LISTBOX" validationType="READ_ONLY" dependency="ORD_METHOD" optimizable="true" reconcileScript="eks_p_ord_method_orders" keyFieldIndex="2">
          <statements dependency="OPT_ORDERS" statement="execute EKS_T_DB_REF_HELP ConCat(&quot;HELPCATALOGTYPE^&quot;, PAR1) go&#xD;&#xA;"/>
          <statements dependency="OPT_ORDERS" statement="execute EKS_T_DB_REF_HELP ConCat(&quot;HELPORDALPHA^&quot;, PAR1) go"/>
          <statements dependency="OPT_ORDERS" statement="execute EKS_T_DB_REF_HELP ConCat(&quot;HELPORDERS^&quot;, PAR1) go"/>
        </arguments>
        <arguments xsi:type="EM:ReferentialArgument" name="ORDER_DETAIL" dataType="CHARACTER" controlType="REFERENTIAL" validationType="READ_ONLY" required="true" reconcileScript="eks_p_order_detail 1" keyFieldIndex="2">
          <statements dependency="ORDER_DETAIL" statement="execute EKS_T_DB_REF_HELP &quot;HELPDETAILSSELDB_PROVIDE^USEREQUEST&quot; go"/>
          <statements dependency="ORDER_DETAIL" statement="execute EKS_T_DB_REF_HELP ConCat(&quot;HELPDETAILS_PROVIDE^1^&quot;, PAR1) go"/>
        </arguments>
        <arguments xsi:type="EM:ReferentialArgument" name="QUALIFIER" dataType="CHARACTER" controlType="REFERENTIAL" validationType="READ_ONLY" required="true" dependency="ORDER_DETAIL" reconcileScript="eks_p_qualifier &quot;1&quot;" keyFieldIndex="2">
          <statements dependency="QUALIFIER" statement="execute EKS_T_DB_REF_HELP ConCat(&quot;HELPQUALIFIERS_PROVIDE^&quot;, PAR1)  go"/>
        </arguments>
        <arguments xsi:type="EM:ReferentialArgument" name="LIST1" dataType="CHARACTER" controlType="LISTBOX" validationType="READ_ONLY" dependency="ORDER_DETAIL" optimizable="true" reconcileScript="eks_p_list" keyFieldIndex="2">
          <statements dependency="LIST1" statement="execute EKS_T_DB_REF_HELP ConCat(&quot;HELPORDDETLIST1^&quot;, PAR1) go"/>
          <statements dependency="LIST1" statement="execute EKS_T_DB_REF_HELP ConCat(&quot;HELPORDDETLIST3^&quot;, PAR1) go"/>
        </arguments>
        <arguments xsi:type="EM:ReferentialArgument" name="OPT_LIST2" dataType="CHARACTER" controlType="LISTBOX" validationType="READ_ONLY" dependency="ORDER_DETAIL" optimizable="true" reconcileScript="eks_p_list" keyFieldIndex="2">
          <statements dependency="OPT_LIST2" statement="execute EKS_T_DB_REF_HELP ConCat(&quot;HELPORDDETLIST1^&quot;, PAR1) go"/>
          <statements dependency="OPT_LIST2" statement="execute EKS_T_DB_REF_HELP ConCat(&quot;HELPORDDETLIST3^&quot;, PAR1) go"/>
        </arguments>
      </templateDefinitions>
      <templateDefinitions xsi:type="EM:ExpertTemplate" name="EKS_EXEC_CCL_L" definition="Execute PROGRAM_NAME with parameters OPT_PARAM and link to OPT_LINK" description="Execute CCL program" eventDependency="//@expertTemplates/@events/@event.1 //@expertTemplates/@events/@event.2 //@expertTemplates/@events/@event.3 //@expertTemplates/@events/@event.4 //@expertTemplates/@events/@event.5 //@expertTemplates/@events/@event.8 //@expertTemplates/@events/@event.9 //@expertTemplates/@events/@event.10 //@expertTemplates/@events/@event.11 //@expertTemplates/@events/@event.13 //@expertTemplates/@events/@event.16 //@expertTemplates/@events/@event.23 //@expertTemplates/@events/@event.32 //@expertTemplates/@events/@event.34 //@expertTemplates/@events/@event.36 //@expertTemplates/@events/@event.38 //@expertTemplates/@events/@event.39 //@expertTemplates/@events/@event.40 //@expertTemplates/@events/@event.42 //@expertTemplates/@events/@event.43 //@expertTemplates/@events/@event.50 //@expertTemplates/@events/@event.51 //@expertTemplates/@events/@event.52 //@expertTemplates/@events/@event.56 //@expertTemplates/@events/@event.57 //@expertTemplates/@events/@event.58 //@expertTemplates/@events/@event.59 //@expertTemplates/@events/@event.61 //@expertTemplates/@events/@event.62 //@expertTemplates/@events/@event.63 //@expertTemplates/@events/@event.64 //@expertTemplates/@events/@event.65 //@expertTemplates/@events/@event.66 //@expertTemplates/@events/@event.67 //@expertTemplates/@events/@event.68 //@expertTemplates/@events/@event.69 //@expertTemplates/@events/@event.80 //@expertTemplates/@events/@event.81 //@expertTemplates/@events/@event.82 //@expertTemplates/@events/@event.83" reconcilable="true">
        <keywords>UTILITY</keywords>
        <arguments name="PROGRAM_NAME" dataType="CHARACTER" required="true" reconcileScript="eks_p_checkprg"/>
        <arguments name="OPT_PARAM" dataType="CHARACTER" reconcileScript="N/A"/>
        <arguments name="OPT_LINK" dataType="LINK" controlType="TEMPLATE_REFERENCE" reconcileScript="N/A"/>
      </templateDefinitions>
      <templateDefinitions xsi:type="EM:ExpertTemplate" name="EKS_EVAL_L" definition="EXPRESSION" description="Freetext CCL evaluation" eventDependency="//@expertTemplates/@events/@event.1 //@expertTemplates/@events/@event.2 //@expertTemplates/@events/@event.3 //@expertTemplates/@events/@event.5 //@expertTemplates/@events/@event.8 //@expertTemplates/@events/@event.9 //@expertTemplates/@events/@event.10 //@expertTemplates/@events/@event.11 //@expertTemplates/@events/@event.13 //@expertTemplates/@events/@event.16 //@expertTemplates/@events/@event.23 //@expertTemplates/@events/@event.24 //@expertTemplates/@events/@event.36 //@expertTemplates/@events/@event.38 //@expertTemplates/@events/@event.39 //@expertTemplates/@events/@event.40 //@expertTemplates/@events/@event.42 //@expertTemplates/@events/@event.43 //@expertTemplates/@events/@event.50 //@expertTemplates/@events/@event.51 //@expertTemplates/@events/@event.52 //@expertTemplates/@events/@event.56 //@expertTemplates/@events/@event.58 //@expertTemplates/@events/@event.59 //@expertTemplates/@events/@event.61 //@expertTemplates/@events/@event.62 //@expertTemplates/@events/@event.63 //@expertTemplates/@events/@event.64 //@expertTemplates/@events/@event.65 //@expertTemplates/@events/@event.66 //@expertTemplates/@events/@event.67 //@expertTemplates/@events/@event.69 //@expertTemplates/@events/@event.80 //@expertTemplates/@events/@event.81 //@expertTemplates/@events/@event.82 //@expertTemplates/@events/@event.83" reconcilable="true">
        <keywords>UTILITY</keywords>
        <arguments name="EXPRESSION" dataType="CHARACTER" controlType="TEXT_MULTI_LINE" required="true" reconcileScript="N/A"/>
      </templateDefinitions>
    </logicTemplates>
    <actionTemplates>
      <templateDefinitions xsi:type="EM:ExpertTemplate" name="EKS_ALERT_FLEX_A" definition="Send alert OPT_TITLE stating TXT, OPT_CANCEL_LABEL, OPT_IGNORE_LABEL, OPT_OVERRIDE_REASON, OPT_MODIFY_LABEL, OPT_DEFAULT_LABEL, OPT_ORDERS, OPT_DEFAULT_FIRST_ORDER, OPT_URL_BUTTON_NAME, OPT_URL_ADDRESS, OK_BUTTON_NAME, OPT_FORM, OPT_FORM_BUTTON_NAME, OPT_FORCE_FORM, OPT_LINK" description="Interactive with additional orderable option" eventDependency="//@expertTemplates/@events/@event.1 //@expertTemplates/@events/@event.2 //@expertTemplates/@events/@event.8 //@expertTemplates/@events/@event.10 //@expertTemplates/@events/@event.36 //@expertTemplates/@events/@event.38 //@expertTemplates/@events/@event.39 //@expertTemplates/@events/@event.61 //@expertTemplates/@events/@event.62 //@expertTemplates/@events/@event.63 //@expertTemplates/@events/@event.64 //@expertTemplates/@events/@event.65 //@expertTemplates/@events/@event.66 //@expertTemplates/@events/@event.67 //@expertTemplates/@events/@event.69 //@expertTemplates/@events/@event.81 //@expertTemplates/@events/@event.83" optimizable="true" reconcilable="true">
        <keywords>ALERT</keywords>
        <arguments name="OPT_TITLE" dataType="CHARACTER" validationType="MAX_LENGTH" reconcileScript="N/A"/>
        <arguments name="TXT" dataType="CHARACTER" controlType="TEXT_MULTI_LINE" validationType="MAX_LENGTH" required="true" reconcileScript="N/A"/>
        <arguments name="OPT_CANCEL_LABEL" dataType="CHARACTER" reconcileScript="N/A"/>
        <arguments name="OPT_IGNORE_LABEL" dataType="CHARACTER" reconcileScript="N/A"/>
        <arguments xsi:type="EM:ReferentialArgument" name="OPT_OVERRIDE_REASON" dataType="CHARACTER" controlType="LISTBOX" validationType="READ_ONLY" optimizable="true" reconcileScript="eks_p_codeset_cki_refhelp  &quot;800&quot;,&quot;CKI&quot;,&quot;*ALL,*NONE&quot;" keyFieldIndex="2">
          <statements dependency="OPT_OVERRIDE_REASON" statement="eks_codeset_cki_refhelp &quot;800&quot;,&quot;CKI&quot;,&quot;*ALL,*NONE&quot; go"/>
        </arguments>
        <arguments name="OPT_MODIFY_LABEL" dataType="CHARACTER" reconcileScript="N/A"/>
        <arguments xsi:type="EM:FixedListArgument" name="OPT_DEFAULT_LABEL" dataType="CHARACTER" validationType="READ_ONLY" reconcileScript="N/A">
          <defaultValue xsi:type="EM:StringValue" value="NONE"/>
          <stringTable>
            <column value="@quot;OPT_CANCEL_LABEL@quot;"/>
            <column value="cancel previous order"/>
          </stringTable>
          <stringTable>
            <column value="@quot;OPT_IGNORE_LABEL@quot;"/>
            <column value="ignore the orderable"/>
          </stringTable>
          <stringTable>
            <column value="@quot;OPT_MODIFY_LABEL@quot;"/>
            <column value="modify the orderable"/>
          </stringTable>
          <stringTable>
            <column value="NONE"/>
            <column value="no default value for labels"/>
          </stringTable>
        </arguments>
        <arguments xsi:type="EM:ReferentialArgument" name="OPT_ORDERS" dataType="CHARACTER" controlType="LISTBOX" validationType="READ_ONLY" reconcileScript="eks_p_orders_sentence" keyFieldIndex="2">
          <statements dependency="OPT_ORDERS" statement="execute EKS_T_FLEX_ORDER_REFHELP &quot;CATALOGTYPE^&quot; go"/>
          <statements dependency="OPT_ORDERS" statement="execute EKS_T_FLEX_ORDER_REFHELP concat(&quot;ALPHA^&quot;, PAR1) go"/>
          <statements dependency="OPT_ORDERS" statement="execute EKS_T_FLEX_ORDER_REFHELP concat(&quot;ORDERS^&quot;, PAR1) go"/>
          <statements dependency="OPT_ORDERS" statement="execute EKS_T_FLEX_ORDER_REFHELP concat(&quot;SENTENCE^&quot;, PAR1) go"/>
        </arguments>
        <arguments xsi:type="EM:FixedListArgument" name="OPT_DEFAULT_FIRST_ORDER" dataType="CHARACTER" validationType="READ_ONLY" reconcileScript="N/A">
          <defaultValue xsi:type="EM:StringValue" value="DISABLED"/>
          <stringTable>
            <column value="ENABLED"/>
            <column value="enable the 1st orderable"/>
          </stringTable>
          <stringTable>
            <column value="DISABLED"/>
            <column value="no default orderable"/>
          </stringTable>
        </arguments>
        <arguments name="OPT_URL_BUTTON_NAME" dataType="CHARACTER" reconcileScript="N/A"/>
        <arguments name="OPT_URL_ADDRESS" dataType="CHARACTER" reconcileScript="N/A"/>
        <arguments name="OK_BUTTON_NAME" dataType="CHARACTER" required="true" reconcileScript="N/A">
          <defaultValue xsi:type="EM:StringValue" value="OK"/>
        </arguments>
        <arguments xsi:type="EM:ReferentialArgument" name="OPT_FORM" dataType="CHARACTER" controlType="REFERENTIAL" validationType="READ_ONLY" reconcileScript="eks_p_powerform" keyFieldIndex="2">
          <statements dependency="OPT_FORM" statement="select distinct&#xD;&#xA;  Form_Definition = if (t.seq = 1) &#xD;&#xA;        dfr.definition&#xD;&#xA;     else &#xD;&#xA;        &quot;*NONE&quot;&#xD;&#xA;     endif,&#xD;&#xA;  _hidden  = if (t.seq = 1) &#xD;&#xA;      dfr.dcp_forms_ref_id&#xD;&#xA;     else&#xD;&#xA;         0.0&#xD;&#xA;     endif,&#xD;&#xA;    Description = if (t.seq = 1) &#xD;&#xA;         dfr.description&#xD;&#xA;     else&#xD;&#xA;         &quot;NONE&quot;&#xD;&#xA;     endif&#xD;&#xA;from dcp_forms_ref dfr, (dummyt t with seq=2)&#xD;&#xA;plan dfr where dfr.active_ind = 1 and textlen(trim(dfr.definition)) > 0 and&#xD;&#xA; textlen(trim(dfr.definition)) > 0&#xD;&#xA;join t&#xD;&#xA;order Form_Definition"/>
        </arguments>
        <arguments name="OPT_FORM_BUTTON_NAME" dataType="CHARACTER" reconcileScript="N/A"/>
        <arguments xsi:type="EM:FixedListArgument" name="OPT_FORCE_FORM" dataType="CHARACTER" validationType="READ_ONLY" reconcileScript="N/A">
          <defaultValue xsi:type="EM:StringValue" value="ENABLED"/>
          <stringTable>
            <column value="ENABLED"/>
            <column value="PowerForm must be opened"/>
          </stringTable>
          <stringTable>
            <column value="DISABLED"/>
            <column value="PowerForm optional"/>
          </stringTable>
          <stringTable>
            <column value="FORCE SIGN"/>
            <column value="PowerForm must be signed"/>
          </stringTable>
          <stringTable>
            <column value="ENABLED AND DISMISS"/>
            <column value="PowerPorm must be opened, dismiss Alert"/>
          </stringTable>
          <stringTable>
            <column value="DISABLED AND DISMISS"/>
            <column value="PowerForm optional, dismiss Alert"/>
          </stringTable>
          <stringTable>
            <column value="FORCE SIGN AND DISMISS"/>
            <column value="PowerForm must be signed, dismiss Alert"/>
          </stringTable>
        </arguments>
        <arguments name="OPT_LINK" dataType="LINK" controlType="TEMPLATE_REFERENCE" reconcileScript="N/A"/>
      </templateDefinitions>
    </actionTemplates>
  </expertTemplates>
  <ruleDefinition>
    <evokeSection>
      <evokes evokeEvent="//@expertTemplates/@events/@event.2">
        <logicExpression xsi:type="EM:InfixExpression" operator="OR">
          <leftExpression xsi:type="EM:Antecedent" id="E1" template="EKS_ORDER_DETAIL_E">
            <facts argument="ORD_METHOD">
              <value xsi:type="EM:StringValue" value="whose primary mnemonic is"/>
            </facts>
            <facts argument="OPT_ORDERS">
              <value xsi:type="EM:ListValue">
                <values xsi:type="EM:ListValue">
                  <values xsi:type="EM:CustomValue" hideDisplay="true">
                    <customValue xsi:type="EM:StringValue" value="MUL.ORD!d00589"/>
                  </values>
                  <values xsi:type="EM:StringValue" value="dinoprostone topical"/>
                  <values xsi:type="EM:ListValue">
                    <values xsi:type="EM:CustomValue" hideDisplay="true">
                      <customValue xsi:type="EM:StringValue" value="2516.0|whose primary mnemonic is"/>
                    </values>
                    <values xsi:type="EM:CustomValue" hideDisplay="true">
                      <customValue xsi:type="EM:StringValue" value="D|2516.0|whose primary mnemonic is"/>
                    </values>
                  </values>
                </values>
                <values xsi:type="EM:ListValue">
                  <values xsi:type="EM:CustomValue" hideDisplay="true">
                    <customValue xsi:type="EM:StringValue" value="MUL.ORD!d00303"/>
                  </values>
                  <values xsi:type="EM:StringValue" value="misoprostol"/>
                  <values xsi:type="EM:ListValue">
                    <values xsi:type="EM:CustomValue" hideDisplay="true">
                      <customValue xsi:type="EM:StringValue" value="2516.0|whose primary mnemonic is"/>
                    </values>
                    <values xsi:type="EM:CustomValue" hideDisplay="true">
                      <customValue xsi:type="EM:StringValue" value="M|2516.0|whose primary mnemonic is"/>
                    </values>
                  </values>
                </values>
                <values xsi:type="EM:ListValue">
                  <values xsi:type="EM:CustomValue" hideDisplay="true">
                    <customValue xsi:type="EM:StringValue" value="MUL.ORD!d00584"/>
                  </values>
                  <values xsi:type="EM:StringValue" value="oxytocin"/>
                  <values xsi:type="EM:ListValue">
                    <values xsi:type="EM:CustomValue" hideDisplay="true">
                      <customValue xsi:type="EM:StringValue" value="2516.0|whose primary mnemonic is"/>
                    </values>
                    <values xsi:type="EM:CustomValue" hideDisplay="true">
                      <customValue xsi:type="EM:StringValue" value="O|2516.0|whose primary mnemonic is"/>
                    </values>
                  </values>
                </values>
                <values xsi:type="EM:ListValue">
                  <values xsi:type="EM:CustomValue" hideDisplay="true">
                    <customValue xsi:type="EM:StringValue" value="MUL.ORD!d00752"/>
                  </values>
                  <values xsi:type="EM:StringValue" value="terbutaline"/>
                  <values xsi:type="EM:ListValue">
                    <values xsi:type="EM:CustomValue" hideDisplay="true">
                      <customValue xsi:type="EM:StringValue" value="2516.0|whose primary mnemonic is"/>
                    </values>
                    <values xsi:type="EM:CustomValue" hideDisplay="true">
                      <customValue xsi:type="EM:StringValue" value="T|2516.0|whose primary mnemonic is"/>
                    </values>
                  </values>
                </values>
              </value>
            </facts>
            <facts argument="ORDER_DETAIL">
              <value xsi:type="EM:ListValue">
                <values xsi:type="EM:ListValue">
                  <values xsi:type="EM:CustomValue" hideDisplay="true">
                    <customValue xsi:type="EM:StringValue" value="I|CatalogTypeCd|1|2|CDF6000"/>
                  </values>
                  <values xsi:type="EM:StringValue" value="Catalog Type"/>
                </values>
              </value>
            </facts>
            <facts argument="QUALIFIER">
              <value xsi:type="EM:ListValue">
                <values xsi:type="EM:ListValue">
                  <values xsi:type="EM:CustomValue" hideDisplay="true">
                    <customValue xsi:type="EM:StringValue" value="in"/>
                  </values>
                  <values xsi:type="EM:StringValue" value="is listed in"/>
                </values>
              </value>
            </facts>
            <facts argument="LIST1">
              <value xsi:type="EM:ListValue">
                <values xsi:type="EM:ListValue">
                  <values xsi:type="EM:CustomValue" hideDisplay="true">
                    <customValue xsi:type="EM:StringValue" value="CDF6000:PHARMACY"/>
                  </values>
                  <values xsi:type="EM:StringValue" value="Pharmacy"/>
                  <values xsi:type="EM:ListValue">
                    <values xsi:type="EM:CustomValue" hideDisplay="true">
                      <customValue xsi:type="EM:StringValue" value="I|CatalogTypeCd|1|2|CDF6000"/>
                    </values>
                  </values>
                </values>
              </value>
            </facts>
            <facts argument="OPT_LIST2">
              <value xsi:type="EM:StringValue"/>
            </facts>
          </leftExpression>
          <rightExpression xsi:type="EM:Antecedent" id="E2" template="EKS_ORDER_DETAIL_E">
            <facts argument="ORD_METHOD">
              <value xsi:type="EM:StringValue" value="whose primary mnemonic is"/>
            </facts>
            <facts argument="OPT_ORDERS">
              <value xsi:type="EM:ListValue">
                <values xsi:type="EM:ListValue">
                  <values xsi:type="EM:CustomValue" hideDisplay="true">
                    <customValue xsi:type="EM:StringValue" value="22822153.0"/>
                  </values>
                  <values xsi:type="EM:StringValue" value="Cervical Dilator Balloon 30 cc Apply"/>
                  <values xsi:type="EM:ListValue">
                    <values xsi:type="EM:CustomValue" hideDisplay="true">
                      <customValue xsi:type="EM:StringValue" value="2515.0|whose primary mnemonic is"/>
                    </values>
                    <values xsi:type="EM:CustomValue" hideDisplay="true">
                      <customValue xsi:type="EM:StringValue" value="C|2515.0|whose primary mnemonic is"/>
                    </values>
                  </values>
                </values>
              </value>
            </facts>
            <facts argument="ORDER_DETAIL">
              <value xsi:type="EM:ListValue">
                <values xsi:type="EM:ListValue">
                  <values xsi:type="EM:CustomValue" hideDisplay="true">
                    <customValue xsi:type="EM:StringValue" value="I|CatalogTypeCd|1|2|CDF6000"/>
                  </values>
                  <values xsi:type="EM:StringValue" value="Catalog Type"/>
                </values>
              </value>
            </facts>
            <facts argument="QUALIFIER">
              <value xsi:type="EM:ListValue">
                <values xsi:type="EM:ListValue">
                  <values xsi:type="EM:CustomValue" hideDisplay="true">
                    <customValue xsi:type="EM:StringValue" value="in"/>
                  </values>
                  <values xsi:type="EM:StringValue" value="is listed in"/>
                </values>
              </value>
            </facts>
            <facts argument="LIST1">
              <value xsi:type="EM:ListValue">
                <values xsi:type="EM:ListValue">
                  <values xsi:type="EM:CustomValue" hideDisplay="true">
                    <customValue xsi:type="EM:StringValue" value="CDF6000:NURS"/>
                  </values>
                  <values xsi:type="EM:StringValue" value="Patient Care"/>
                  <values xsi:type="EM:ListValue">
                    <values xsi:type="EM:CustomValue" hideDisplay="true">
                      <customValue xsi:type="EM:StringValue" value="I|CatalogTypeCd|1|2|CDF6000"/>
                    </values>
                  </values>
                </values>
              </value>
            </facts>
            <facts argument="OPT_LIST2">
              <value xsi:type="EM:StringValue"/>
            </facts>
          </rightExpression>
        </logicExpression>
      </evokes>
    </evokeSection>
    <logicSection>
      <logicExpression xsi:type="EM:InfixExpression">
        <leftExpression xsi:type="EM:Antecedent" id="L1" template="EKS_STOP_LOGIC_L">
          <facts argument="MODE">
            <value xsi:type="EM:StringValue" value="STOP"/>
          </facts>
        </leftExpression>
        <rightExpression xsi:type="EM:InfixExpression">
          <leftExpression xsi:type="EM:Antecedent" id="L2" template="EKS_LOGIC_TRUE">
            <facts argument="LOGIC">
              <value xsi:type="EM:StringValue" value="@quot;LOGIC@quot;"/>
            </facts>
          </leftExpression>
          <rightExpression xsi:type="EM:InfixExpression">
            <leftExpression xsi:type="EM:Antecedent" id="L3" template="EKS_AGE_EVAL_L">
              <facts argument="EVALUATION">
                <value xsi:type="EM:StringValue" value="between"/>
              </facts>
              <facts argument="AGE1">
                <value xsi:type="EM:IntegerValue" intValue="8"/>
              </facts>
              <facts argument="UNIT1">
                <value xsi:type="EM:StringValue" value="years"/>
              </facts>
              <facts argument="OPT_AGE2">
                <value xsi:type="EM:IntegerValue" intValue="70"/>
              </facts>
              <facts argument="OPT_UNIT2">
                <value xsi:type="EM:StringValue" value="years"/>
              </facts>
              <facts argument="OPT_LINK">
                <value xsi:type="EM:AntecedentReference" antecedent="//@ruleDefinition/@logicSection/@logicExpression/@rightExpression/@leftExpression"/>
              </facts>
            </leftExpression>
            <rightExpression xsi:type="EM:InfixExpression">
              <leftExpression xsi:type="EM:Antecedent" id="L4" template="EKS_PT_DEMOGRAPHIC_L">
                <facts argument="DEMOGRAPHIC">
                  <value xsi:type="EM:StringValue" value="GENDER"/>
                </facts>
                <facts argument="OPT_CODED_VALUES">
                  <value xsi:type="EM:ListValue">
                    <values xsi:type="EM:ListValue">
                      <values xsi:type="EM:CustomValue" hideDisplay="true">
                        <customValue xsi:type="EM:StringValue" value="CDF57:FEMALE"/>
                      </values>
                      <values xsi:type="EM:StringValue" value="Female"/>
                    </values>
                  </value>
                </facts>
                <facts argument="OPT_TEXT_VALUE">
                  <value xsi:type="EM:StringValue"/>
                </facts>
              </leftExpression>
              <rightExpression xsi:type="EM:InfixExpression">
                <leftExpression xsi:type="EM:Antecedent" id="L5" template="EKS_PROBLEMS_FIND_L">
                  <facts argument="OPT_PROBLEMS">
                    <value xsi:type="EM:ListValue">
                      <values xsi:type="EM:ListValue">
                        <values xsi:type="EM:CustomValue" hideDisplay="true">
                          <customValue xsi:type="EM:StringValue" value="7777483.00NOMEN:SNOMED!77386006"/>
                        </values>
                        <values xsi:type="EM:StringValue" value="Pregnant"/>
                        <values xsi:type="EM:ListValue">
                          <values xsi:type="EM:CustomValue" hideDisplay="true">
                            <customValue xsi:type="EM:StringValue" value="Finding&#xA;191073013&#xA;SNOMED CT&#xA;SNOMED!77386006"/>
                          </values>
                        </values>
                      </values>
                    </value>
                  </facts>
                  <facts argument="OPT_QUALIFIER">
                    <value xsi:type="EM:StringValue"/>
                  </facts>
                  <facts argument="OPT_CONFIRMATION">
                    <value xsi:type="EM:StringValue"/>
                  </facts>
                  <facts argument="OPT_CLASSIFICATION">
                    <value xsi:type="EM:StringValue"/>
                  </facts>
                  <facts argument="OPT_LIFE_CYCLE_STATUS">
                    <value xsi:type="EM:ListValue">
                      <values xsi:type="EM:ListValue">
                        <values xsi:type="EM:CustomValue" hideDisplay="true">
                          <customValue xsi:type="EM:StringValue" value="CDF12030:ACTIVE"/>
                        </values>
                        <values xsi:type="EM:StringValue" value="Active"/>
                      </values>
                    </value>
                  </facts>
                  <facts argument="OPT_SEVERITY_CLASS">
                    <value xsi:type="EM:StringValue"/>
                  </facts>
                  <facts argument="OPT_SEVERITY">
                    <value xsi:type="EM:StringValue"/>
                  </facts>
                  <facts argument="OPT_COURSE">
                    <value xsi:type="EM:StringValue"/>
                  </facts>
                  <facts argument="LINK">
                    <value xsi:type="EM:AntecedentReference" antecedent="//@ruleDefinition/@logicSection/@logicExpression/@rightExpression/@leftExpression"/>
                  </facts>
                  <facts argument="OPT_CROSS_VOCABS">
                    <value xsi:type="EM:StringValue"/>
                  </facts>
                  <facts argument="OPT_PERSON_ACTIVITY">
                    <value xsi:type="EM:StringValue" value="Including"/>
                  </facts>
                  <facts argument="OPT_VOCAB_HIERARCHY">
                    <value xsi:type="EM:StringValue" value="Include"/>
                  </facts>
                  <facts argument="OPT_IGNORE_CONCEPTS">
                    <value xsi:type="EM:StringValue" value="NO"/>
                  </facts>
                  <facts argument="OPT_MATCH_ALL">
                    <value xsi:type="EM:StringValue" value="YES"/>
                  </facts>
                </leftExpression>
                <rightExpression xsi:type="EM:InfixExpression">
                  <leftExpression xsi:type="EM:GroupExpression">
                    <expression xsi:type="EM:InfixExpression" operator="OR">
                      <leftExpression xsi:type="EM:Antecedent" id="L6" template="EKS_ORDER_INCOMING_DETAIL_L">
                        <facts argument="ORD_METHOD">
                          <value xsi:type="EM:StringValue" value="whose primary mnemonic is"/>
                        </facts>
                        <facts argument="OPT_ORDERS">
                          <value xsi:type="EM:ListValue">
                            <values xsi:type="EM:ListValue">
                              <values xsi:type="EM:CustomValue" hideDisplay="true">
                                <customValue xsi:type="EM:StringValue" value="MUL.ORD!d00589"/>
                              </values>
                              <values xsi:type="EM:StringValue" value="dinoprostone topical"/>
                              <values xsi:type="EM:ListValue">
                                <values xsi:type="EM:CustomValue" hideDisplay="true">
                                  <customValue xsi:type="EM:StringValue" value="2516.0|whose primary mnemonic is"/>
                                </values>
                                <values xsi:type="EM:CustomValue" hideDisplay="true">
                                  <customValue xsi:type="EM:StringValue" value="D|2516.0|whose primary mnemonic is"/>
                                </values>
                              </values>
                            </values>
                            <values xsi:type="EM:ListValue">
                              <values xsi:type="EM:CustomValue" hideDisplay="true">
                                <customValue xsi:type="EM:StringValue" value="MUL.ORD!d00303"/>
                              </values>
                              <values xsi:type="EM:StringValue" value="misoprostol"/>
                              <values xsi:type="EM:ListValue">
                                <values xsi:type="EM:CustomValue" hideDisplay="true">
                                  <customValue xsi:type="EM:StringValue" value="2516.0|whose primary mnemonic is"/>
                                </values>
                                <values xsi:type="EM:CustomValue" hideDisplay="true">
                                  <customValue xsi:type="EM:StringValue" value="M|2516.0|whose primary mnemonic is"/>
                                </values>
                              </values>
                            </values>
                            <values xsi:type="EM:ListValue">
                              <values xsi:type="EM:CustomValue" hideDisplay="true">
                                <customValue xsi:type="EM:StringValue" value="MUL.ORD!d00584"/>
                              </values>
                              <values xsi:type="EM:StringValue" value="oxytocin"/>
                              <values xsi:type="EM:ListValue">
                                <values xsi:type="EM:CustomValue" hideDisplay="true">
                                  <customValue xsi:type="EM:StringValue" value="2516.0|whose primary mnemonic is"/>
                                </values>
                                <values xsi:type="EM:CustomValue" hideDisplay="true">
                                  <customValue xsi:type="EM:StringValue" value="O|2516.0|whose primary mnemonic is"/>
                                </values>
                              </values>
                            </values>
                            <values xsi:type="EM:ListValue">
                              <values xsi:type="EM:CustomValue" hideDisplay="true">
                                <customValue xsi:type="EM:StringValue" value="MUL.ORD!d00752"/>
                              </values>
                              <values xsi:type="EM:StringValue" value="terbutaline"/>
                              <values xsi:type="EM:ListValue">
                                <values xsi:type="EM:CustomValue" hideDisplay="true">
                                  <customValue xsi:type="EM:StringValue" value="2516.0|whose primary mnemonic is"/>
                                </values>
                                <values xsi:type="EM:CustomValue" hideDisplay="true">
                                  <customValue xsi:type="EM:StringValue" value="T|2516.0|whose primary mnemonic is"/>
                                </values>
                              </values>
                            </values>
                          </value>
                        </facts>
                        <facts argument="ORDER_DETAIL">
                          <value xsi:type="EM:ListValue">
                            <values xsi:type="EM:ListValue">
                              <values xsi:type="EM:CustomValue" hideDisplay="true">
                                <customValue xsi:type="EM:StringValue" value="I|CatalogTypeCd|1|2|CDF6000"/>
                              </values>
                              <values xsi:type="EM:StringValue" value="Catalog Type"/>
                            </values>
                          </value>
                        </facts>
                        <facts argument="QUALIFIER">
                          <value xsi:type="EM:ListValue">
                            <values xsi:type="EM:ListValue">
                              <values xsi:type="EM:CustomValue" hideDisplay="true">
                                <customValue xsi:type="EM:StringValue" value="in"/>
                              </values>
                              <values xsi:type="EM:StringValue" value="is listed in"/>
                            </values>
                          </value>
                        </facts>
                        <facts argument="LIST1">
                          <value xsi:type="EM:ListValue">
                            <values xsi:type="EM:ListValue">
                              <values xsi:type="EM:CustomValue" hideDisplay="true">
                                <customValue xsi:type="EM:StringValue" value="CDF6000:PHARMACY"/>
                              </values>
                              <values xsi:type="EM:StringValue" value="Pharmacy"/>
                              <values xsi:type="EM:ListValue">
                                <values xsi:type="EM:CustomValue" hideDisplay="true">
                                  <customValue xsi:type="EM:StringValue" value="I|CatalogTypeCd|1|2|CDF6000"/>
                                </values>
                              </values>
                            </values>
                          </value>
                        </facts>
                        <facts argument="OPT_LIST2">
                          <value xsi:type="EM:StringValue"/>
                        </facts>
                      </leftExpression>
                      <rightExpression xsi:type="EM:Antecedent" id="L7" template="EKS_ORDER_INCOMING_DETAIL_L">
                        <facts argument="ORD_METHOD">
                          <value xsi:type="EM:StringValue" value="whose primary mnemonic is"/>
                        </facts>
                        <facts argument="OPT_ORDERS">
                          <value xsi:type="EM:ListValue">
                            <values xsi:type="EM:ListValue">
                              <values xsi:type="EM:CustomValue" hideDisplay="true">
                                <customValue xsi:type="EM:StringValue" value="22822153.0"/>
                              </values>
                              <values xsi:type="EM:StringValue" value="Cervical Dilator Balloon 30 cc Apply"/>
                              <values xsi:type="EM:ListValue">
                                <values xsi:type="EM:CustomValue" hideDisplay="true">
                                  <customValue xsi:type="EM:StringValue" value="2515.0|whose primary mnemonic is"/>
                                </values>
                                <values xsi:type="EM:CustomValue" hideDisplay="true">
                                  <customValue xsi:type="EM:StringValue" value="C|2515.0|whose primary mnemonic is"/>
                                </values>
                              </values>
                            </values>
                          </value>
                        </facts>
                        <facts argument="ORDER_DETAIL">
                          <value xsi:type="EM:ListValue">
                            <values xsi:type="EM:ListValue">
                              <values xsi:type="EM:CustomValue" hideDisplay="true">
                                <customValue xsi:type="EM:StringValue" value="I|CatalogTypeCd|1|2|CDF6000"/>
                              </values>
                              <values xsi:type="EM:StringValue" value="Catalog Type"/>
                            </values>
                          </value>
                        </facts>
                        <facts argument="QUALIFIER">
                          <value xsi:type="EM:ListValue">
                            <values xsi:type="EM:ListValue">
                              <values xsi:type="EM:CustomValue" hideDisplay="true">
                                <customValue xsi:type="EM:StringValue" value="in"/>
                              </values>
                              <values xsi:type="EM:StringValue" value="is listed in"/>
                            </values>
                          </value>
                        </facts>
                        <facts argument="LIST1">
                          <value xsi:type="EM:ListValue">
                            <values xsi:type="EM:ListValue">
                              <values xsi:type="EM:CustomValue" hideDisplay="true">
                                <customValue xsi:type="EM:StringValue" value="CDF6000:NURS"/>
                              </values>
                              <values xsi:type="EM:StringValue" value="Patient Care"/>
                              <values xsi:type="EM:ListValue">
                                <values xsi:type="EM:CustomValue" hideDisplay="true">
                                  <customValue xsi:type="EM:StringValue" value="I|CatalogTypeCd|1|2|CDF6000"/>
                                </values>
                              </values>
                            </values>
                          </value>
                        </facts>
                        <facts argument="OPT_LIST2">
                          <value xsi:type="EM:StringValue"/>
                        </facts>
                      </rightExpression>
                    </expression>
                  </leftExpression>
                  <rightExpression xsi:type="EM:InfixExpression">
                    <leftExpression xsi:type="EM:Antecedent" id="L8" template="EKS_EXEC_CCL_L">
                      <facts argument="PROGRAM_NAME">
                        <value xsi:type="EM:StringValue" value="rule_current_ega2"/>
                      </facts>
                      <facts argument="OPT_PARAM">
                        <value xsi:type="EM:StringValue"/>
                      </facts>
                      <facts argument="OPT_LINK">
                        <value xsi:type="EM:AntecedentReference" antecedent="//@ruleDefinition/@logicSection/@logicExpression/@rightExpression/@leftExpression"/>
                      </facts>
                    </leftExpression>
                    <rightExpression xsi:type="EM:Antecedent" id="L9" template="EKS_EVAL_L">
                      <facts argument="EXPRESSION">
                        <value xsi:type="EM:StringValue" value="@MISC:8 &lt; 39@NEWLINE"/>
                      </facts>
                    </rightExpression>
                  </rightExpression>
                </rightExpression>
              </rightExpression>
            </rightExpression>
          </rightExpression>
        </rightExpression>
      </logicExpression>
    </logicSection>
    <actionSection>
      <action xsi:type="EM:ActionGroups">
        <actionGroups>
          <logicExpression xsi:type="EM:InfixExpression">
            <leftExpression xsi:type="EM:LogicReference" antecedent="//@ruleDefinition/@logicSection/@logicExpression/@rightExpression/@rightExpression/@rightExpression/@rightExpression/@rightExpression/@leftExpression/@expression/@leftExpression"/>
            <rightExpression xsi:type="EM:LogicReference" antecedent="//@ruleDefinition/@logicSection/@logicExpression/@rightExpression/@rightExpression/@rightExpression/@rightExpression/@rightExpression/@rightExpression/@rightExpression"/>
          </logicExpression>
          <actionExpression>
            <logicExpression xsi:type="EM:Antecedent" id="A1" template="EKS_ALERT_FLEX_A">
              <facts argument="OPT_TITLE">
                <value xsi:type="EM:StringValue" value="DISCERN ALERT"/>
              </facts>
              <facts argument="TXT">
                <value xsi:type="EM:StringValue" value="You are ordering @CATALOGCDDISP:6 for this patient, who is less than 39 weeks pregnant. The American College of Obstetricians and Gynecologists (the College) has identified the prevention of preterm births to be a public health priority, urging clinicians to reduce the number of voluntary inductions and elective cesarean deliveries prior to 39 weeks for which no medical indication exists. ACOG Practice Bulletin, Obstet Gynecol. 2009;114:Part 1"/>
              </facts>
              <facts argument="OPT_CANCEL_LABEL">
                <value xsi:type="EM:StringValue" value="CANCEL @CATALOGCDDISP:6"/>
              </facts>
              <facts argument="OPT_IGNORE_LABEL">
                <value xsi:type="EM:StringValue" value="Override Alert"/>
              </facts>
              <facts argument="OPT_OVERRIDE_REASON">
                <value xsi:type="EM:ListValue">
                  <values xsi:type="EM:ListValue">
                    <values xsi:type="EM:CustomValue" hideDisplay="true">
                      <customValue xsi:type="EM:StringValue" value="*ALL"/>
                    </values>
                    <values xsi:type="EM:StringValue" value="*ALL"/>
                  </values>
                </value>
              </facts>
              <facts argument="OPT_MODIFY_LABEL">
                <value xsi:type="EM:StringValue"/>
              </facts>
              <facts argument="OPT_DEFAULT_LABEL">
                <value xsi:type="EM:StringValue" value="NONE"/>
              </facts>
              <facts argument="OPT_ORDERS">
                <value xsi:type="EM:StringValue"/>
              </facts>
              <facts argument="OPT_DEFAULT_FIRST_ORDER">
                <value xsi:type="EM:StringValue" value="DISABLED"/>
              </facts>
              <facts argument="OPT_URL_BUTTON_NAME">
                <value xsi:type="EM:StringValue"/>
              </facts>
              <facts argument="OPT_URL_ADDRESS">
                <value xsi:type="EM:StringValue"/>
              </facts>
              <facts argument="OK_BUTTON_NAME">
                <value xsi:type="EM:StringValue" value="OK"/>
              </facts>
              <facts argument="OPT_FORM">
                <value xsi:type="EM:StringValue"/>
              </facts>
              <facts argument="OPT_FORM_BUTTON_NAME">
                <value xsi:type="EM:StringValue"/>
              </facts>
              <facts argument="OPT_FORCE_FORM">
                <value xsi:type="EM:StringValue" value="ENABLED"/>
              </facts>
              <facts argument="OPT_LINK">
                <value xsi:type="EM:AntecedentReference" antecedent="//@ruleDefinition/@logicSection/@logicExpression/@rightExpression/@rightExpression/@rightExpression/@rightExpression/@rightExpression/@leftExpression/@expression/@leftExpression"/>
              </facts>
            </logicExpression>
          </actionExpression>
        </actionGroups>
        <actionGroups>
          <logicExpression xsi:type="EM:InfixExpression">
            <leftExpression xsi:type="EM:LogicReference" antecedent="//@ruleDefinition/@logicSection/@logicExpression/@rightExpression/@rightExpression/@rightExpression/@rightExpression/@rightExpression/@leftExpression/@expression/@rightExpression"/>
            <rightExpression xsi:type="EM:LogicReference" antecedent="//@ruleDefinition/@logicSection/@logicExpression/@rightExpression/@rightExpression/@rightExpression/@rightExpression/@rightExpression/@rightExpression/@rightExpression"/>
          </logicExpression>
          <actionExpression>
            <logicExpression xsi:type="EM:Antecedent" id="A2" template="EKS_ALERT_FLEX_A">
              <facts argument="OPT_TITLE">
                <value xsi:type="EM:StringValue" value="DISCERN ALERT"/>
              </facts>
              <facts argument="TXT">
                <value xsi:type="EM:StringValue" value="You are ordering @CATALOGCDDISP:7 for this patient, who is less than 39 weeks pregnant. The American College of Obstetricians and Gynecologists (the College) has identified the prevention of preterm births to be a public health priority, urging clinicians to reduce the number of voluntary inductions and elective cesarean deliveries prior to 39 weeks for which no medical indication exists. ACOG Practice Bulletin, Obstet Gynecol. 2009;114:Part 1"/>
              </facts>
              <facts argument="OPT_CANCEL_LABEL">
                <value xsi:type="EM:StringValue" value="CANCEL @CATALOGCDDISP:7"/>
              </facts>
              <facts argument="OPT_IGNORE_LABEL">
                <value xsi:type="EM:StringValue" value="Override Alert"/>
              </facts>
              <facts argument="OPT_OVERRIDE_REASON">
                <value xsi:type="EM:ListValue">
                  <values xsi:type="EM:ListValue">
                    <values xsi:type="EM:CustomValue" hideDisplay="true">
                      <customValue xsi:type="EM:StringValue" value="*ALL"/>
                    </values>
                    <values xsi:type="EM:StringValue" value="*ALL"/>
                  </values>
                </value>
              </facts>
              <facts argument="OPT_MODIFY_LABEL">
                <value xsi:type="EM:StringValue"/>
              </facts>
              <facts argument="OPT_DEFAULT_LABEL">
                <value xsi:type="EM:StringValue" value="NONE"/>
              </facts>
              <facts argument="OPT_ORDERS">
                <value xsi:type="EM:StringValue"/>
              </facts>
              <facts argument="OPT_DEFAULT_FIRST_ORDER">
                <value xsi:type="EM:StringValue" value="DISABLED"/>
              </facts>
              <facts argument="OPT_URL_BUTTON_NAME">
                <value xsi:type="EM:StringValue"/>
              </facts>
              <facts argument="OPT_URL_ADDRESS">
                <value xsi:type="EM:StringValue"/>
              </facts>
              <facts argument="OK_BUTTON_NAME">
                <value xsi:type="EM:StringValue" value="OK"/>
              </facts>
              <facts argument="OPT_FORM">
                <value xsi:type="EM:StringValue"/>
              </facts>
              <facts argument="OPT_FORM_BUTTON_NAME">
                <value xsi:type="EM:StringValue"/>
              </facts>
              <facts argument="OPT_FORCE_FORM">
                <value xsi:type="EM:StringValue" value="ENABLED"/>
              </facts>
              <facts argument="OPT_LINK">
                <value xsi:type="EM:AntecedentReference" antecedent="//@ruleDefinition/@logicSection/@logicExpression/@rightExpression/@rightExpression/@rightExpression/@rightExpression/@rightExpression/@leftExpression/@expression/@rightExpression"/>
              </facts>
            </logicExpression>
          </actionExpression>
        </actionGroups>
      </action>
    </actionSection>
  </ruleDefinition>
</EM:ExpertModule>
